UserName,Class,PredClass
-Aesthetic-Seashell-,0,0
-Gelly-,0,0
-Inkwell,1,1
-MCMaster2-,0,0
-doku-,1,0
10018801,1,1
1028272,0,1
123MinecraftMan,1,1
18b3_gabriela,0,0
18b3_zoeo,0,0
19ocarr,1,1
1st-dork,1,1
20012374,1,1
20013452,1,1
2028dxiao,1,1
20keeairrafsa,1,1
226_The_Game_Maker,1,1
27PSCHUMANN,1,1
28mageeg,1,1
333666999000,1,1
3eniPeniP,0,0
5928005225,1,0
5Agrup3,0,1
6611017980,1,0
80399830,1,1
88127425se,0,0
900504021,1,1
97Scratch,1,1
AAronDinh2018,0,1
AK26233,0,0
AOFCS19,1,1
Aero52plays,0,0
AleCZ00,1,0
Alex0780,1,1
AlpacaCookiesSay,1,1
Alpha_-Wolf-_,1,0
AmazingSlothCat,1,1
AmyxLawny,1,0
Andre_Arts,0,0
Angel_Star1,0,1
Anime-princes,1,0
AnkoChannel,1,1
Anna5631,0,1
Awsomeable,1,1
B00astedM0nkey,1,1
BS628507,0,1
Banana-Cream-Pie,1,1
BasilWING3443234,1,1
BearGrylls1335,1,1
BellaPPG,1,1
Benitjai000,1,1
Big_TAV,1,1
BloodDragon5000,1,1
BlueFoxJTB,0,1
BoboNovember,1,1
Buehrlen1018,1,1
CSBTroisieme,1,1
Camillelola,1,1
CarbideGaming0087,1,1
Chooks123456,1,0
ClarkMiSB2,0,0
CodingMaster137,1,0
Coding_boy2,1,1
ConsumedKing,1,1
CreativeBookworm,1,1
Cristianesica,0,0
CrossArrowCrossLynx,0,0
CrystalX75,1,1
CubixOfficial,1,1
Cuteblossom123,0,0
DEnderGamer456,1,1
DKCARR2006,0,0
DXNEHR,1,1
DaSmollKitten,1,1
Dakmon,1,1
Damon_F,1,1
DarioPA,1,1
DarrenCSB2,1,0
DavidR27,1,1
Daviyon274,1,1
Dazh7,0,1
DearStarboy_John,0,1
DemarcusJewrillo2,1,1
DerekChornenky,1,1
Diego1536,0,0
Dinggick,1,1
Dollyisbananas,1,1
DominicDrummond,1,1
ENZOLEITE,1,1
ESCOLAGRUP5A,0,0
Eeveelutions55,0,0
Ema_Abukara2003,0,0
Ernetso512,1,1
FRONTIER_DRUMMER,1,0
Fatima10-11-07,1,1
Ferry992,1,1
FrankTheTank2010,1,1
GGage15,1,1
GULLERMITOO,1,0
Gemlord1226,0,0
Georgia_4life,1,1
Gjpenn,0,0
Gkiro,1,1
Grazac18,1,1
Grongo007,1,1
HHuang-tcsec,1,1
Hamiltonlover7676,1,1
Hellocat400,1,1
Hfowler421842,1,1
Horsecrazy09,0,1
HunchoMike,0,0
IAMAGOD88,0,0
IL2028WASD,1,0
Ian_CR,0,0
InvestedMist,1,1
Itsmenospace,1,1
JA26224,1,1
JackMUSV2,0,0
JackWsb2,0,0
James3912Again,1,0
JesseLiebrand,0,1
JonahRodriguez9,1,1
KJ52531,1,1
Kai_kat,1,1
KeenAdam19,1,1
KlaskyCsupo2012,0,0
LDFCS19,1,1
LOLyTheKitty2,1,1
Leah_naomi03,1,1
Leehsa,0,0
LessThan3Chips,1,1
Llamabro2000,1,1
MJE2409,0,1
MKAreview,0,0
MR_PICKLE_MEMES,0,0
Mak_n_Cheeze,1,1
Mammamargherita,0,1
Maplefeather8917,0,0
Marcosrodriguez9,1,1
MariaHand,1,1
MatthewCurrington,0,1
MidnightDragonKeeper,1,1
Mika_the_Kat,0,0
Mil2018b,1,1
Miral6E23,1,1
MisterBoss46,0,0
MittenAP,0,0
Moreau_Kitsune,0,0
Mrjtp,1,1
NOTF12,1,1
Nikkiheart,1,1
OOFF777777,1,1
OakToaster21105,0,0
OlliePhilp,1,1
OrangeJuice47,1,1
PATRICKGHOSTRIDER,0,0
ParagonH2O,1,1
PinguandSusiev3,1,1
Polyakova_Sasha,1,1
QueeCold,1,0
Quintonolson,1,1
QwertyMaker2019,0,0
RacoonSonic,1,1
Rai123-Scratch,1,0
Ray-lee,1,0
RidleyLarryette,1,1
Robot-12,1,0
Roxy-Attacker,1,1
SL26269,1,1
SS9743218,1,1
Sal_The_Skeleton,1,1
Scp-Foundation_12,0,0
ScratchedByElian,1,1
Serenismail,0,1
SlyLittleFox12,1,1
Slyveon_Productions,0,0
Snowicorn,1,1
Sparkling-Twi-Haze,1,1
Still_Chill_Carlito,1,1
StrawBerryFace4,1,1
SugarDork,0,1
TacoMan8673,1,1
TedyIK,0,1
TheCod-R,1,0
TheMen82,1,1
TheUnseenShadow,0,0
Tonkayuyu2019,1,1
ToothlessGrins,1,1
ToriBelle46,0,0
TristanPeavler2005,1,1
VLevshina,1,1
VikiDK,1,1
WEHTTAM03759,1,1
WalkingFishDog,0,0
WanderingNomad,1,1
Warrior_Cat_Lover___,0,0
WhoLovesCake777,1,0
WolfCake101,1,1
WolfFanfare,0,0
XxX_Ankhaa_XxX,1,1
Yadeeeee,1,0
Zero_Acron,0,0
ZurgDan,1,1
_-GachaNeko-_,0,0
_saam,1,1
aan_g09,1,1
aani2015,1,1
acarmona0042,1,1
ahmattinglys10026,0,0
alasandis,1,1
aleher27,1,1
an-kodo022,0,1
anonymousunicorns,0,0
arnaualvarez05,0,1
as5kin,1,1
ayalatoch,1,1
bassl934,0,1
bern1832,1,1
bigchungi13,0,0
bingbongkingkong,1,1
bkdudgeon,0,0
blackserpent789,1,1
boby_jobes,1,1
brockstar00,1,1
brynntraynor,1,1
bsatchinson1234,1,0
calebt2006,0,1
candycatsandunicorns,1,1
carlarodriiguez,0,1
carlosanimeyugioh,1,1
carmenchu1775,1,1
catqueen889,1,1
caye5c12,0,1
chansenhps,1,1
chernande0664,1,1
cjw19,1,1
codingexplora,1,1
cooldudehuds,1,1
cs1670391,1,1
cs2258704_Jimin_BTS,0,1
cs2328000,1,1
cs2355218,0,0
cs2357771,1,1
cs2358442,0,1
cs2358468,0,0
cs2359773,1,0
cs2360114,1,1
cs2360205,1,0
cs2365133,1,1
cs2367647,1,1
cs2368292,1,1
cs2372011,1,1
cs2372268,0,0
cs2374451,0,0
cs2391770,1,1
cs2394647,1,1
cs2394660,0,0
cs2394672,1,1
cs2402870,1,1
cs2429212,1,1
cs2446836,0,0
cs2446845,1,1
cs2448803,1,1
cs2461562,1,0
cs2469580,1,1
cs2536638,0,0
cs2579159,1,1
cs2617982,0,0
cs2631397,1,1
cs2632464,0,0
cs3129522,1,1
cs3259215,0,1
cs3753237,0,0
cwkmihkel30235,1,0
doodleoodles,1,1
eboyisawesome,1,0
eluna0041,1,1
emwh7,0,0
eshraq5b,1,1
everysinglesuperbran,0,0
fazbearcoding_gaming,1,1
fesarabj54,1,1
fortniteprolegend,0,0
fun-awesome,1,1
funtimefriend,1,0
gengar2010,0,1
gibguy1111,1,1
hannahmei,1,0
hcarringer,1,1
hensback,1,1
hifihifi,1,1
hireeee,1,1
hunarkx,1,1
ismael3222,1,1
jamie_watt,1,1
jgarcia1755,1,1
jme23,1,1
jpinnell2020,0,0
jruvalcab0020,1,1
kadpay18,1,1
karimg2009c,1,1
kirill_ch_2010,1,1
kit64kat,1,1
kitty-cupcake,1,1
kl_4d,0,1
km9645,1,1
kojoasop,1,1
koolkings90,0,0
kyattuyama,1,1
lauramartinez19,1,1
lbms71907,1,0
lolbitcrystalgames,1,1
lopezmatta16,1,1
masonshhs,1,1
monkeydog88,1,1
nagrombill,1,1
neream10,1,1
nicoli020878,1,1
nikferriman7089,1,1
noaf3,0,0
nopain723723,1,1
nordholla,1,1
oh-snap,0,1
olagortamalen,1,1
oshunn,1,1
pedrineitor111,1,1
petercsa99,1,1
pigeon55,0,1
pikachu_rules0,1,1
porter123456789,1,1
purpleballer21,1,1
pusheencatcoder,1,1
quangdat89,1,0
rleonardo8128,1,1
robot6167,1,1
royam0820,1,1
s1754889,1,0
s185a2023,1,1
s185e2138,1,1
s318240,1,1
s321709,1,1
s323874,1,1
s643140,1,1
saim-10,1,1
samlet238,0,1
sarodriguez6,1,1
scattercap666,1,1
scratchnerddd,1,1
screamingwolf123,1,1
sensual456,1,1
shadow302,0,1
shunsuketodo,1,1
skrull360,0,1
skyfull-of-stars,0,1
sls18191a15,1,1
smithpatrickl,1,1
songhj5,1,1
sophiabj41,1,1
spinnerabc,0,0
starlight130,0,0
stop-the-fangirls_5,1,1
sunkissed_,1,1
superoliver_9604_YT,0,0
supersy64,0,1
syedatech403,1,1
syedtech323,1,1
tinslben21,1,1
torredanel,1,1
tylertheboss2,0,0
unicorn4lifelove,0,1
valkyrielegend21,1,0
venomstripe143,0,0
videogamer142,1,1
vromerob2019,1,1
wafflegirraffe200,0,0
wolf_in_the_wind,1,0
wolfdogggg,1,1
xOSpaceKightOx,0,0
xxxltentons,1,1
yepitzme_1225,1,1
ysuperson,0,0
zyunus2020,1,1
---1122,1,1
-Oceanstudios-,1,1
-ZeRo_Gravity-,0,0
-chaitea,1,1
-meowthetics-,0,0
-sunsetflower-,1,1
001734yeet,1,0
06sarablanco,1,1
1014617,0,1
10191367,1,1
10628184_Alicia,1,1
1cool2girl3,1,1
20011127,0,1
200140150,1,1
2358985765898,0,1
25Jdepew,0,0
26jobert,1,0
28_bombard_mint_fans,1,1
340094lt,1,1
5-G223,1,1
6613021172,0,0
6613022457,1,1
67Scratch,0,0
8010524,1,1
8011325OW,1,1
8015717XR,1,0
88127165mp,1,1
90914Thelma,0,0
ALoury,1,1
AedanWsb2,0,0
AlbertoLuque1234,0,1
Alueplays,0,0
Anbuggie,1,0
Araslol,1,1
ArhanMenon,1,1
Bensingh10,1,1
Bill200325,1,1
Blade5A2019,1,1
Bolt_The_Dragon,1,1
Bpascal7,1,1
Bsartin,0,1
Bumpbump2306,1,0
CODchamp145,1,1
CandyCatsss,0,1
CartrobeM,1,1
Charlotteskool,1,1
ColSSan2018,1,1
CoolMinorPacMan1,1,1
CuteLittleNuggetXD,0,0
D1715460,0,0
DJ-Supreme07,1,1
Daniel7127,1,1
DarlaS03,1,0
Dewpawin,1,1
DielliOMGIsCool,0,0
Dreadraid,0,0
Duckkkkkkkk,1,1
Dwimis,1,1
ED120303,1,1
EJMoise,1,1
ELIJAH282008,1,0
EPoole2019,1,1
EducatedCow,1,1
ElectricWing308,0,0
EmanuelS-18,1,1
FigureFilms,1,1
Fire_Winkle,0,1
FunnyManYeeter,1,1
GE9751423,1,1
GabeS-18,1,1
Galaxy_FQ10,1,1
GearGlitch,1,1
GlitchyBroStudios,1,1
GlitterRainbow122,1,1
Great1Good,1,0
HALK629,0,1
Hackley122,1,1
Hawkfirefilms,1,1
Hiatt5185,1,1
ILoveMyBeagle,0,0
ISAAC-ALESH,0,0
Iceicedudeuwu,1,1
JP750664,1,0
JasonZSB2,0,0
Jordan2104,1,1
Julianne_Emily,1,1
Kalo915,1,1
Karleeeeeeeee,0,0
KeenStephanie19,1,1
Keeping0it0Cassie,1,1
Kevin6798,1,1
KirigiriGotNoodles,1,1
Koala-9008,0,0
KocurekFreeman16,1,1
Koharu_Seto,1,1
LiRo_Jason,1,1
Little_Kitty280,0,0
LizzyR255,1,1
Lokoro2021,1,1
Lupita1023,1,1
Lynxfeather305,1,1
MEFCS19,1,1
MFranco02,1,1
ML242918,1,1
MM8011263,1,1
Maggie1205,0,0
MaggieTheOOF,1,1
MsHamster0000,1,1
Music146,0,0
NICOLENINSTITUTO,1,1
NM-SC2,0,1
Neilitz,1,1
Neotriestoanimate,1,1
NickdagamerYT,1,1
Nightrage6000,1,1
Olga_Kobzeva,1,1
OliviaKlopp,0,0
OnofrioSiniscalchi,1,1
PO628261,1,1
Pinkachu-,1,0
Pip_the_Puppeteer,0,0
Pixel_paw,0,0
PrestonDMSA1,1,0
Psicopata-Chan,0,1
Psychounicorn13,0,0
Purciful512,1,1
ROFLcopter35,1,1
RUBENETTE,1,1
Rabbit_love22,0,0
Reason995,1,1
SL932512,1,1
SNaimey,1,1
SPW_JuliaW,0,1
Samenanvst,1,1
Sanstdm360,0,0
Saralyn_Y,1,1
ScratchBurnard2005,0,0
ScratchPuffs,1,0
Scratchy5028,1,1
ShakiraE1,1,1
Shaku_and_Alexis,0,1
Skippy_The_Farmer,1,1
SneakersMan,1,1
Spider-Tony190,0,0
SpiritDracon,0,0
SpringBonnie-,0,0
Suqar-Milq,0,1
TerryTRex11,0,1
TheRealZenox,1,0
TheTheoryOfTech,0,0
The_Everything,0,1
The_OwOlord,0,0
Thepattyboycameron66,0,0
TylerGF,0,1
UnbeatableGirl,0,1
Vinicius_Jimenez07,1,1
WAT12552862,0,1
WesleyD345,1,1
Wing_dedede,1,1
XXCJGAMERXX,1,0
XxVeanomxX,1,1
YV9755260,1,1
ZC3132,1,1
ZackGamer147,1,1
Zelda2828,0,1
_Astryx_,1,0
_ScarMar_,1,1
__JOEY_DREW__,1,0
alexburgos19,1,1
als616,1,1
alunniterze,0,1
alvarolr23,1,1
ameliaacanada,1,0
amethyst127,1,1
anavila2,1,1
anitag2008c,1,1
arandomscratchdude,1,1
artlab_1,0,0
ates23,1,1
atiqahfa,1,0
axsavix55555,1,1
bambi918,1,1
bamskylanderboy2,1,1
barnicleboy2828,1,1
bcr2019ehs,1,1
beatrizMastromauro,1,1
begpautor,1,1
bfbicecube5332,0,0
bricoyellow,1,1
c1710593,0,0
caisner2020,1,0
camhoops,1,1
catzrulezalwayz,0,0
caue10798,1,1
certifiedlemon,1,1
charlierowe481,1,1
chefppisthebest,1,1
chickman2020,1,0
chocolatewolfii,0,0
codeclubyelnif,1,1
colebuchanan,0,0
coolhck,1,1
cornell_02,1,1
crewsaw,1,1
cs1769940,0,0
cs1968315,0,0
cs2171187,1,1
cs2209358,1,1
cs2358465,0,0
cs2365733,0,1
cs2367786,0,0
cs2372819,1,1
cs2374255,1,1
cs2374262,0,1
cs2374318,1,0
cs2381296,1,1
cs2387898,1,1
cs2389084,1,0
cs2391252,1,1
cs2391265,1,1
cs2392333,1,1
cs2394700,0,0
cs2401571,1,1
cs2404997,1,1
cs2408135,0,0
cs2423088,1,1
cs2429820,1,1
cs2429829,1,1
cs2436392,1,1
cs2445583,1,1
cs2446832,1,1
cs2449679,0,0
cs2466060,0,1
cs2466063,0,1
cs2473164,1,1
cs2500584,0,1
cs2517524,1,1
cs2560893,1,1
cs2579149,1,1
cs2579153,0,0
cs2596862,1,1
cs2615545,0,0
cs2618006,1,1
cs2620830,1,1
cs2622260,1,1
cs2623673,1,1
cs2646581,0,0
cs2855837,1,1
cs3236771,1,1
cwkalice39623,1,1
czujl001,1,1
dayskylerm,1,1
djtheprofessor,1,1
dlmcmonagle,0,0
dolphin3464,1,1
drugiPR,0,1
ecolegareau3,0,1
edoecatie,1,1
egg_of_life,0,1
elvic4216,0,0
entity39353,1,1
escada21,1,1
ethanps307,0,0
evh2019,1,1
evlavs,1,1
fabnia,0,1
fangwolf12344,0,1
for35162,1,1
fornitebros,1,1
ftarlao,1,1
gabrielafontesbj55,1,1
gamerscooby,1,1
goinsgabriela4,1,1
guerriera2009,0,1
h9uj,1,1
hcc843996,1,1
hedgehogsarelife,1,1
hendrron001,1,1
hmiller2020,0,0
holden1259,0,0
hungry_manchild,1,1
iBAGFORFUN,1,1
ilooklikeahen,0,0
ilyagfr,1,1
im_am_a_pro,0,0
in2181,1,1
ineiger1,1,1
isacsm21,1,1
isaiahbonzi,0,0
itspeely5677,0,0
jackrules5225,1,1
jeromero2007,1,1
jferroo2019,0,1
jimmybonez,0,0
jiyeon__,0,0
jjj12i,1,1
jmassaro45,1,1
joaoabreubj630,1,1
johnyvandetta,1,1
js15760,0,0
juditramirez_stlluis,1,1
jufPetra,1,1
kamikami-king,1,1
kidasher,1,1
kimsionon,1,1
kirbylover1000,0,0
lbms31904,1,1
lbms71901,1,1
lbms71918,1,1
lexihardage,1,0
lg2019eac,1,1
liam_16,1,1
lilkin18,1,1
lillypuppy30,0,1
ly456789,1,1
masha_meshalkina,1,1
maximus_yakubovich,1,1
mc372763,1,1
metametaman,1,0
metilda09,1,1
mihernandez,1,1
minions9063,1,1
naroam19,1,1
objectboijed11,0,0
olivia1236,0,0
pd5ws13kk,1,1
pd5ws7BE,1,1
pd5ws8me,1,1
pedrosilveiraramos,1,1
pentele_pollak,1,1
pepperfrost,1,0
phosphorusl,1,0
pikamas,1,1
pikamew2a,1,0
profheloize,1,1
puppy545,1,1
pwhelan755,1,1
redcatthesecond,0,1
redfawn1,1,1
roberkae000,1,1
robert_andrei_n,1,1
rockefellerm,1,1
rpetech,1,1
s145007,1,1
sahilk8,0,0
sakthim28401,1,1
samos6958,1,1
sarahrovenstine,1,1
shabow3,1,1
snipershot2582,1,1
soniworld,1,1
soscruch,0,0
sp_g09,0,0
starriberri,1,1
starwar654,1,1
stokhorst,1,1
supersmashbros3s,1,1
swaggersouls68,0,1
systemic1959,1,1
szymonevil,0,0
tc007mi,1,1
the_fatblob,1,1
tiagoPedrico,0,0
timbob1013,0,0
triowolf,1,1
tripvalley,1,1
tw830,0,0
unicorn-rainbow-cat,1,0
valentinoCH,1,1
viewcity,1,1
vojvodina_mapper,0,0
werty136,1,1
wessonn,1,1
whcoco,1,1
why10110,1,0
willowssilverlove,0,0
yoplaits,1,1
youtuber_Lelu,0,0
yvng_slvmp,1,1
zachxdlol,1,1
zdunee,0,0
-Bianca_Di_Angelo-,1,1
-PeridotKitti-,0,1
-ThunderPaw-,1,1
-rainydayboy,0,1
012368kc,1,1
100025373,1,1
10628187,1,1
10744414,1,1
18b3_cy,0,0
18b3_diego,0,0
18b3_ventura,0,0
19045nicks,1,0
193b48,0,0
20011660,1,1
20011726,1,1
20012703,1,1
20015247,1,1
2006-666,1,1
21grago,1,1
22bbur01,0,0
22bwaite,1,1
247JMS,1,1
247KIM,1,1
3REva,1,1
48u3a2,0,1
5-F310,0,1
5AByron,1,1
6640005702,1,1
8011185AH,1,1
99795659,1,0
A73814643,1,1
Aftertale238,1,1
AgustoConMiArbusto,1,1
AlexGaming8DK,1,1
AlvaroVT,1,1
AlyssaDSB2,0,0
AnVaBra,1,1
Arodriguez725,0,0
Asgardian_Aesthetics,0,0
BM39470,1,1
Barinua210251,1,1
Blixer2,0,1
BlossomTheLeader,0,0
Braveheart_Mageclan,1,1
BriannaDPA,0,0
BudgieTalks,1,0
Buildmaster0303,1,1
CH1FCS19,1,1
CTK010203,1,1
ColeDMSW3,1,1
Coleman728,1,1
CoralineWhovian2002,0,0
CuteBunny444,1,1
CuteLittleCatGirl,1,1
D1670621,0,1
DMC986CC,0,0
Digitalwerkstatt-DUS,1,1
EUJs1601137,0,0
Eevee_11,1,1
Emoji_master_man,1,1
FIaria,0,0
FireLily_09,1,1
Funnygirl1345,0,0
Fuzzy717,1,1
GabiR12,0,0
GachaBunnyGirl,0,0
GoatSimulator2,1,1
GobbaStriker_BFDI,1,1
GogMilan,0,1
GoodBoy41,1,1
HMast2019,1,1
HarryPlotter7,1,1
Herzeriy,0,0
Hondenfan2009,0,0
HoneyDraws,0,0
Hornet85,1,0
HotCrossedBuns,0,0
IMAKESTUFF0427,1,1
Illini2005,1,1
IntroCompSciAccount,1,1
ItsYoGal_Sasune,0,1
ItzNowzPlayz,1,0
JB123pro,1,1
JG718990,1,1
JacksonG001,0,0
James3ae2019,0,0
JamesMSB2,0,0
JellyBelly126,1,1
Jlewis50,1,1
Jmmm11,1,1
JuniLearningScratch,0,1
KevLe2019,1,0
Knucklesreacts,1,1
KocurekFreeman12,0,0
Krainey1,1,1
KriptosLTest,0,0
LilyFlower-4ever,0,0
LisaK4,0,0
Lixih,1,0
LordeWaffles,1,1
Loser_Gacha,0,1
LuNa2OO7,0,1
Luigi_The_Gamer45,1,0
Luve4life,0,0
Lycaon246,1,0
MADMAXD666,1,1
MLatasa,1,1
MTWentworth,1,1
MURZILKA_CAT_test,1,1
Mackandpooh,1,1
Madisynkato,0,0
Marc_stlluis,1,1
Marnae1,1,1
MattCrosby,1,1
Melanieluna07,1,1
Mia5897,1,1
MikeyNsb2,0,0
MonkeyRapoza,1,1
Monsterbox09,0,0
Morkeh,0,1
MrCreeperPlaysGames,1,1
MrSmolBeans,0,0
MulberryP,0,1
NEF7532,1,1
N_B2019,1,1
Nata_G,1,0
NinjaMyaRa,1,1
Normal_Username77,1,1
NotByron,1,1
NotMarshMellowAlone,0,0
OGR1487,0,0
OGR769,1,1
OLSHY3,1,1
OVERWATCHER290,1,1
Pacaamalcauich,1,1
PaigeProductions,1,1
Phia8000,1,1
PhoenixRising11,0,0
PlandyTheNatureDevil,1,1
PollMichEVEN,0,1
RDB18,1,1
RapidBoy1,1,1
RebeccaRose777,0,0
RedDefault,1,1
RedPandas4life2,1,1
RedPandy15,0,0
Refed,1,1
Rexy2235,1,1
Ron0_and_Tungster,1,1
RufatComedian,1,1
RyanJamesRourke,1,1
Ryedaflyguy,1,1
SE3271,1,1
SPX3MAXG,0,1
Salvatoreperiod10,1,0
SamTheNam,1,1
Scratcher3747823939,0,0
ShMarley,1,1
SilentAndSmart,0,0
Softball1127,1,1
Sonicblox1991,0,0
Spideyboy200,1,1
Springbonnie121213,1,1
StormyDaysAwait,1,1
Sweet-Spades,1,1
TECNOPROCM1,1,1
THE_EAST_BEAST,1,1
TMF10,1,1
TMFCS19,1,1
Tacobro-1,0,1
Tariqadams,1,1
Taylor_Luke,1,1
Tazihound,0,0
TeletoonRises,0,0
Tgamer101010,0,0
TheAmazingNormalGuy,0,1
TheGreatestBagel,1,0
Thepuppysayswoof,1,1
Tigergirlmelody,1,1
TuiTHS2019,0,1
Tulm,1,1
UnderGen19,1,1
WESTEBRA000,1,0
WaddleDee97,1,1
WellimOuttaNames,1,1
WhiteQuokka_STEAM,1,1
XYZeeba,0,0
Z4iYuan,1,1
_-Raven_-,0,0
_Jupiter,0,1
adeleon0081,1,1
aidanarn9131,1,1
aleprim2019,1,1
alexesre,1,1
anstr-cameron,1,1
arianagrandeyt,1,1
b36016,1,1
baltobear,1,1
bananaoonanaOMG,0,0
berdeak,0,1
beyzaozturk363,0,1
blr2019eac,1,1
bugboy122,1,1
c1708297,1,1
ca23ic,1,1
carolinebsb2,0,0
catlover3465,1,1
cetr7,1,1
chase11p,1,1
christiank123,0,0
cjbonsell,0,0
clb2019ehs,1,1
cldxl,1,1
cnrobot,1,1
cooly10,1,1
cottoncloudie,1,1
cristianiznajar19,1,1
cs2164018,1,1
cs2324819,1,0
cs2358428,0,1
cs2358498,0,0
cs2360213,0,0
cs2360272,0,1
cs2361503,1,1
cs2367370,1,1
cs2367641,1,1
cs2373913,1,1
cs2374309,1,1
cs2374431,0,0
cs2378113,1,1
cs2388732,1,1
cs2391242,1,1
cs2391249,1,1
cs2391253,1,1
cs2394097,1,1
cs2395683,0,1
cs2395801,1,1
cs2395833,1,1
cs2398559,1,1
cs2402850,1,1
cs2404980,1,1
cs2407435,1,1
cs2424631,0,0
cs2429228,1,1
cs2433937,1,1
cs2434529,1,1
cs2443800,1,1
cs2443807,1,1
cs2443816,1,1
cs2445626,1,1
cs2448800,1,0
cs2449713,1,1
cs2456318,0,1
cs2458465,0,1
cs2462107,1,1
cs2466111,1,1
cs2501340,0,0
cs2524314,1,1
cs2531585,1,1
cs2578779,1,1
cs2586622,1,0
cs2608161,1,1
cs2620516,1,1
cs2635284,1,1
cs2909597,1,1
cs3207844,0,0
cs3252389,0,0
cs3358749,1,1
cs3584550,0,1
cs3656933,1,1
daniel980215,1,1
danielvcanada,1,1
disintegratingfox,1,1
doggystuff,1,1
ejthomas4,1,1
emilygreulach,0,0
fowen1,1,1
ga-gaeun,1,1
georgiaCHICKEN13,1,1
ggh012,0,1
ghostbustercat,0,0
goofygammer,0,0
goth_rose,0,0
gulloa0009,1,1
hcc831096,1,1
illgottengains,0,1
isensnic,1,0
jake2482,0,1
james19900,1,1
jbw062,0,0
jcook4231,1,1
jmendez0142,1,1
joaovitorsmiguel12,1,1
joel_2006_28,0,1
jon736,1,1
jorgepascua19,1,1
jorgielsMacatroll,1,1
juanpb94,1,1
kcs14267,1,0
ketchupchips2011,1,1
koopflop,1,1
krystiang6,1,1
kyb001229,1,1
lalunedeer72,1,0
lauraprimeroa,1,1
lbms71919,1,1
ld_g09,0,1
lilcommander009,1,0
lipstickgirl109,0,0
lirongyao,1,1
liss0102,1,1
maatiglezz7,1,1
madysonhenderson,1,1
make-dat-money,0,1
martinezaitor,1,1
martineziraide,1,1
martinkotatko,1,1
martiroksan,0,1
mckeeroadtech,0,0
mcornago7,1,1
melly2354,1,1
merylachula,1,1
mine900,1,1
minh_124,0,1
mkh151437,1,0
mlpfan21,0,1
mmhamiltonm,1,1
mynameisJEFFYMANDUDE,1,1
ninjaminec,1,1
noadezutt15,1,1
notsoaesthetic,0,0
ozgurceber,1,1
parisnieves11,1,1
pd5ws25rr,1,1
phw0208,1,1
picklebugawesome,1,1
pokemon240,0,1
poohbeer06,1,1
powerpuffstar,1,0
precious_trinity,1,1
rayyanmakhdoom,1,1
rkcudjoe,1,1
rmurphy316,1,1
rocketCaptain1,1,1
samuel66666678,1,1
saray6e,1,1
seamoara000,1,0
secrect_mongral,1,1
sfzanet,1,0
shruthi_811,1,1
siemlove2,1,1
sinner2500,1,1
skyhundredgamer857,1,0
sonjas,1,1
sowad12345,1,0
stampy935,1,1
starwarsluka,1,1
stefanodp,0,1
stellastarfort,1,1
subjecth3r0,0,0
supermanspidermani,1,1
thejazzman18,0,1
thirdjulitta,0,1
tiggi17,1,1
tinkercad10112,1,1
transformers___25,1,1
turtlemybud,1,1
vbs2898,1,1
velvet-chan,0,0
viceat18,0,1
victorfritoli,1,1
vitalistudio,1,1
vv1111,1,1
warc250,1,0
wmsBRO090,1,1
woolyraccoon85,1,1
wsmith16384,0,0
y3ash2018,0,1
yel2006,1,0
zaeAllen,0,0
zavhyd18,1,1
-IiIies-,0,0
-WolfyAnimates-,0,1
-_ParticleLeopard_-,1,1
0101codeseal0101,1,1
05carbar37186,1,1
100rainbowunicorn,0,0
10745353,1,1
117Spartan117,1,1
131David,1,1
15Sacha,1,1
18b3_jade,0,0
18b3_ryan,0,0
20011688,1,1
20013106,1,1
20192142J-pe2019,1,1
2305415,1,1
247BWH,1,1
247CJS,1,1
26BSTARK10,1,1
28cookk,1,1
28mgolightly,1,1
2kami,1,1
334968,1,1
3RLogan,1,1
5-D513,1,1
5-H1112,1,1
78lcas322,0,0
80399813VH,1,1
Abor5-6,1,1
AceAnie,1,1
Aidyl809,1,1
Alejandro5D23,1,1
Alex_123201,1,0
Alex_Eitel,1,1
AlexanderYN,1,1
AndradechrisEVEN,1,0
Andreamin13,1,1
Anime_QueenYT,0,0
Aquaocean2,0,1
Arno21,1,1
Axuni_Wyn,1,1
B73054768,1,1
Bitty_Swaps_sans,0,0
Blake_Ashton_Corp,1,1
BongoTheWolf,0,0
Bramle11,1,1
BranVill,0,0
Breadboi21,1,1
BrennonTheGuy,0,0
CHFCS19,0,1
CL120303,1,0
Carmen1100,1,1
CheckyTheCheckMark,0,1
ChristopherSolander,1,1
ChyWidow0101,0,0
DERPYMOWHAWKDJ,1,0
DPWest,1,1
DRMEMES11118,1,1
DamontaDPA,1,1
Daniela5c,1,1
Darth_Potter,1,0
Dea986,0,1
Derpy_Donut,1,1
Dodgers808,1,1
DogSpace444,0,1
EG533517,0,1
EL9757194,1,1
EWAPOLS04,1,1
EllaRenee,1,1
ElliotHawins,1,1
Enderloser1,1,1
EnochP13,1,1
Enot2018,1,1
FWKScratch,1,1
FZFCS19,1,1
FarmerGusBus,1,1
Firestar9lives,0,0
FlameKing24,0,1
Flamelalo10,1,1
Frostingkittycupcak9,0,1
GR9744344,1,1
Gabirul008,1,1
GojiKris,1,1
GrapeSodaIsYummy,1,1
HackerPanda591,1,1
HatsuneMiku2,0,1
HuskyGirl43,1,1
IamGroot567,1,1
IcyIsaiah04,1,1
Inky_and_Azzy,0,0
Irys_The_Rat,0,0
Issjus,0,0
Its_OnlyWolf,1,1
JA904458,0,0
JLRFan,0,1
JMoney0989,1,1
JULIADENKER,1,0
Jacksepticyce_fan,1,1
JangSeonHee,1,1
Jason-Tatum,0,0
Jason3332,0,1
JaySafi,0,1
Jerome69420,1,1
JesseMario2009,0,1
Jofigueroaalvar,1,1
JoshuaAnimations1234,0,0
JosiahTehAnimatior,1,0
JosueG0501,0,0
Jshannon3,1,1
KatieLovesAlexa,0,1
Kawaii_NANI,1,1
Kjay160,1,1
Klinejd,1,0
KuklinaA,0,1
Kunithecat,0,0
LANCEISKING,1,0
LPSkitty07,0,0
Latiott,1,1
LeoFScratch,1,1
Lol8ossman,1,1
Loser_Potato,0,0
MBFCS19,1,1
ML9761302,0,1
MMMEEEEEOOOOOOWWWW,1,1
Marbled_Lime,1,1
Mari_Mat,1,0
Marsh_Mello_Rulez,0,1
MeeWee24,1,1
Merplandia26,0,0
Mhernandez593,0,0
MiracleDPA,1,1
MontgomeryA125,1,1
MrPizzaa,1,1
Mugenov2012,1,1
Musaja,0,1
NamasteKhul,1,1
Nana4l81,1,1
NourozSyngeStreet,1,1
OOOOOOfyAgain,1,0
OliveArt,1,1
OwenOrtmeier_,0,1
Painters_R0ck,0,1
PartyAnimal20,1,1
Phaley123,1,1
PinkUnicornxox,1,1
Pizzab4boyz,1,1
PotatoBot1985,1,1
PrestonFlameboy,1,1
PurpleMarshmallows,1,1
R0BI,1,1
RUFF_MEOW_RUFF_MEOW,1,1
Rap_Boy,0,0
Ross35,1,1
SAVAGE_warrior_lover,0,0
SH4183,1,1
SHEcodes1,1,1
SauRou,1,1
ScratchAttack10105,1,0
SerenaJustTalkYT,1,0
SillyHazelnut,0,0
Skippy_Mcscooter,1,1
Smidgen37,0,0
SmolDoodler,1,1
Snow-Flake101,0,0
Snowyspirit1209,0,1
Spartan051608,1,1
SpottedYeet,1,1
Stone4374,1,1
Surp_juice,0,0
Swalker7,1,1
TacticalmElonJuice21,1,1
TheGamingNogOps,1,1
TheNewOne2989,0,0
TheNightBerserk,1,1
ThomasTheTank2008,1,1
Thunderbeardog,1,1
TicoRico25,1,1
Tyler1422,1,1
VFelix15,1,1
VG069114,1,1
Varner581,1,1
WaldrepI685,1,1
WinderScratch,1,1
Worp66Scream,1,0
Wubbley_Bubbley,0,1
XDblinddeathYT,0,0
YEETOScheetos,1,1
ZappiestHis54,1,1
Zartmo19,0,1
_Lazy_Fuzz_,0,0
_TimberWolf_,1,0
adriaAJ,0,1
aduckie2024,1,1
aesthetis,0,0
af_quogue,0,0
aicabi2,1,1
aleenaaziz,1,1
amazinggurliegurl1,0,0
anstr-oscar,0,0
arturmullerbj52,0,1
as9nik,1,1
ashih_sima,1,1
asjiles2007,0,0
at_g09,1,1
ayaa2008m,1,0
basher537,0,0
benj658a,1,1
biggiecheese9696,1,1
birdie79,1,1
blackfiredragonn,0,0
btsrmfire,0,0
burger51,0,1
camgotoofd,1,1
carmenaracil,1,1
carmennn16,1,1
catticorn24,0,1
cgj2019ehs,1,1
chrant18,1,1
codetoenhance,1,0
coolgiyTJMD9398,1,1
coolnate1234,1,1
craycray4rainbows,1,1
cs2305847,1,0
cs2352030,1,0
cs2352110,1,1
cs2355217,1,1
cs2358423,0,0
cs2358455,0,1
cs2359185,0,0
cs2360215,0,1
cs2360295,1,1
cs2372376,0,0
cs2372777,1,1
cs2374399,0,0
cs2379348,1,1
cs2381674,1,1
cs2382668,0,0
cs2391240,1,1
cs2391247,1,1
cs2404960,1,1
cs2423098,1,1
cs2445655,1,1
cs2446788,1,1
cs2446860,1,1
cs2448674,1,0
cs2462045,1,1
cs2480698,1,1
cs2488520,1,1
cs2518848,0,1
cs3078265,1,1
cs3131909,1,1
cs3133888,1,1
cs3148633,1,1
cs3158201,1,1
cs3193496,1,1
cs3384538,0,0
cs3415119,1,1
cs3556895,0,1
cs3708826,1,1
cutesseong,1,1
cwhq_sabreena,1,0
d1709948,0,0
daveman308,1,1
dmotas,1,0
elisefernandes14,1,1
eminurkov20,1,1
emuphant,1,1
eneef17,0,0
ep-ta18-19,0,0
fairybutter,0,1
fortniteandcuphead70,1,1
foxfoxfox30,1,1
fungirl299,1,1
g34371,1,1
gaming-taco29,1,1
grammynorma4,0,0
hackerDog101001,1,1
haykwal,1,1
hbu03-04,1,1
hcc840500,1,1
hectorgomez19,1,1
hiwar_4_2019,1,0
howdy23,1,1
huffleclawzebra250,0,0
iiNarwhalii,1,1
ilee2020,0,1
ilina30,1,1
invaderCVH,1,1
jOleen_P,1,1
jace_OwEn,1,1
jediryan913,0,0
jeffiscool1010,1,1
jesus_-,1,1
jji5608,1,1
jmontoyaw2019,0,0
jordan233546,0,1
jrobles10,1,1
jt15677,0,0
jtenenbaum-tcsns,1,1
jueun619,1,1
jwaller24,1,1
lala_0703,0,1
lcortesc2019,1,1
lemon_rolls,0,1
lia2010,1,1
lil_tommygun,1,1
lolxDdj,1,0
lrodriggor,1,1
luckylo24,0,0
lukriv2,1,1
malocon,1,1
marianafbj46,1,1
mariavoley,1,1
massa1819,1,1
masterdma,1,1
mattiasposito,0,1
mcapron,1,1
mccartneyhopf,0,0
mediawild,1,1
meryemu58,1,1
minthmar,0,0
misterchubb,1,1
mj033125,0,0
mkallala,1,0
moo_meow,0,1
msjethomasjoshua,0,1
myj4020,1,1
nayramolero19,1,1
netherfortress,1,1
netherheartgirl,1,1
noabot24,1,1
numberblock_3,1,1
ocelotman556,1,1
oriollozano2006,1,1
overlap06,1,1
pd5ws12rh,1,1
pirisori,1,1
pizza333333333,1,1
purplecatsuni,1,0
remon0247,1,1
ricardoYamamoto3,0,0
rkdsksgml123,1,1
rojdan,1,1
rulebreakerqueen_264,0,1
s563184,1,1
sPUnGbeB,1,0
siggypuppy,0,0
spirit_knight,1,1
sprock9352,1,1
stagecomp2k20,1,1
stormtheartcat,0,0
sugaboy,0,0
suhaela,1,1
sunboy78,0,1
survivalstride,1,1
susecat,0,1
sushant_da_sushi,1,1
susiew899,1,1
the_middle_house,1,1
theepicgamer54321,0,0
tjoelal,1,1
tlsin1220,1,1
tomeu2003,1,1
tong12234km,0,0
tuv622431,1,1
ugandan_tails_brodah,1,1
verysleepymonkey,1,0
vh0213,1,1
vickicat200,0,1
victormaccaroni,1,1
warrior_cats21,1,1
wcthewolfpire,1,0
welcome_to_cillis,1,1
wolf1301246337,1,1
wolverine60951,1,1
ycmoon55,1,1
yeetson55,0,0
youLOLface,1,1
youngoof,1,1
your_main_penguin,0,0
zachydoomsday,1,1
-FlourishTruly-,0,0
-sushiiq-,1,0
101RobloxFans,1,0
10699984,1,0
1213215001,1,1
123appel123,1,1
18b3_gage,0,0
18b3_kelly,0,0
18b3_mikio,0,0
18b3_roman,0,0
18b3_sabina,0,0
18b3_sarah,0,0
18b3_zoeh,0,0
1920p4b,0,1
1A_G15_MS-AL,1,0
1Ricardo12,1,1
20011866,1,1
20015046,1,1
22ploth,1,0
22putmb,1,1
23johnm,1,1
247DMH,1,1
340451af,1,1
5-C315315,1,0
8011160SD,1,1
8011273KP,1,1
8011364nl,1,1
9roserose,1,1
AAP2019ehs,1,1
AS737739,1,1
AVLOPEZ415,1,1
Acruz775,1,1
AlfredDiazX,1,1
AliceAngel2510,0,0
Alien_Scratcher,1,1
Alita2010,1,1
All_Fortnite_Emotes,1,1
AlmostJay,1,1
Anika238,1,0
AntnoineDPA,1,1
AntonioDeroni,1,1
Arabelle123,1,0
ArcticFoxesThebest,0,0
ArkZombie,1,0
Astigmatism,0,0
Avenger_Aesthetics,0,0
BJLFELIPE,1,0
BOBTHECODERV11,1,1
Baconjoeyhair,1,1
BaseBall_Queen123,0,0
BerryMaria,1,1
BiIvaMunner,0,0
Bielicke3824,1,1
Boomer246,1,1
BubblyLilBlossom,0,0
C1704557,0,0
C1707679,0,1
CMK2019ehs,1,1
CaidenceGb,0,0
CarolineXSB2,0,0
CastroCarreno2006,1,1
Cinnamon__Roll,0,1
CodingGenius3103,0,0
Codingdude8,1,0
ConnerHa,0,0
CuddleCat7,1,1
DK4L3,1,1
Danifrias_stlluis,1,1
Digitalwerkstatt-MDW,1,1
Dikoscare,0,0
Donut-go-dog,1,1
Drago_Ter,1,0
DragonDreemurr,0,1
Eddie_Murphy,1,1
Eoinpheist,0,0
Fadead,1,1
Forr24,1,1
Froggie980,1,1
GB3535Again,1,1
GiancarloP,1,1
Golu_unicorn,1,1
GrimsyWimsy,1,1
GuallpabriEVEN,0,0
HaHowAboutNo,0,1
HaziqToyBonzieSC,0,1
Heart_S06,0,0
Hope_Drift,1,1
IJust__Draw,1,0
ISABELLAM3764,0,0
I_like_food180,1,1
I_love_HORSES_22,1,1
Iamhappy1234,1,1
Ighor_Ubialli,1,1
JC700590,0,1
JGarza19,1,1
JKKevin,1,1
JM347827,1,1
JW254100,1,1
JackMartin12345,0,0
JellyTehBoi,1,1
Johnny_12345,1,1
JonochromeFan2018,1,1
Jonthecheeky,0,0
Joris14,1,1
Jucobian,1,1
Julie_-_,1,1
KAYLAKATZUN,0,0
KMinhasjcc,1,1
Kai-Flare_Blitz250,1,1
Kansascoders,1,1
KarinaLoc,1,1
LA13379,1,0
LAILABASS4,0,0
LBMS31919,1,1
LERATOtara10,0,0
LXE2019EHS,1,1
LanShi2018,1,1
LawrenceOliveira,1,1
Legoman6480,1,1
LiteNing-Piecey,0,1
MLFCS19,1,1
MM000005,1,1
MMFCS19,1,1
MarshmelloThings,1,1
Matty110,1,1
Maxton8002133,1,1
Mermaid_cat21,0,0
MettatonEon,1,1
MicroAnimate7527,1,1
Mike--wazowski,1,0
MikellinaWoman,1,1
Minnowpool,0,0
MoNKeY_boii_tReY_WeY,1,1
MoonlightDragon2,0,0
Nuubya,0,0
OGR1392,1,1
OliveEatzBananas,1,1
PandaCrazyannagirl,0,0
Pegasis0,1,1
Pickachu360,1,1
Pigacorn207,1,1
Practicas2019,0,0
PsychoFemale,0,0
PusheenLover109,0,1
Qwasey,0,0
RFMPaige,0,0
RPF_Translation,1,0
RauSal27,1,1
RedRebellion77,1,1
Riggamox000,0,0
Ripplefluff,0,0
Roman205,1,1
RosenJorEVEN,0,0
Ryehwitz,1,1
Ryss_g0t3m,1,1
SabresFan4Ever,0,0
Salami83,1,1
Scott1328,1,1
Scratchplayer_-_,0,1
Selfiequeen2010,0,0
Shaquille_Oatmeal2,1,1
SoonDubu,0,1
Spaceship-,0,0
Spirtteller07,0,0
Strawberry_Toast,1,0
Sydney_Animates,1,0
TAGllENERGY,1,1
TW2019ehs,1,1
TacoQB,1,1
TayteDMSC1,1,1
Terminatorisma2,1,1
TheBigKid2007,0,0
TheEpicJevil,0,0
TheEpicNightWing,1,1
TheRealMasonPenix,1,1
TheWorstDrawer,0,0
Thomas_Jacob_GR,0,0
ToCoolforuuu1010,1,1
TordleUwU,0,0
UNICORN_master2009,1,1
UserCdfjer,1,1
WC2019ehs,1,1
WilkiesFun4477,0,0
Wisteria1116,0,1
WolfyFaery,1,0
XRinRed,0,1
XxGrey_ScalexX,1,1
XxTuttlexX,1,1
XxsilverstringxX,1,1
Y33t_Meister,1,1
Zakk_Frost,0,1
abcde26,0,0
adhareshwar14,0,0
afr9,1,1
ainisssss,0,1
anguku,0,1
aura05128,0,0
baa-4t,1,1
banditoqq__,1,1
bbobo21,1,0
bendy_the_d3m0n,1,1
bk_eskisehir,0,1
brendolamapola,1,1
brimaiwand,1,1
cardanoaner,1,1
cecidacoolface,1,1
chara_night,0,0
cheesenhamboi23,1,1
clca7,1,0
cloohoo918,0,1
codeninja53,1,1
cookie9999999,0,1
cookoo8,1,0
cooltytus202,1,1
cs2177738,0,1
cs2339127,1,1
cs2343392,1,1
cs2358916,1,1
cs2364310,1,1
cs2366970,1,1
cs2368293,1,1
cs2371103,1,1
cs2374333,0,0
cs2387961,1,0
cs2388706,1,0
cs2391239,0,0
cs2393475,1,1
cs2394644,1,1
cs2394646,1,1
cs2394687,1,1
cs2401770,1,1
cs2407218,0,0
cs2429807,1,1
cs2432078,1,1
cs2436203,1,1
cs2444308,1,1
cs2446806,1,1
cs2446808,1,1
cs2462112,1,1
cs2462120,1,1
cs2466951,1,1
cs2477379,1,1
cs2510599,1,0
cs2518334,0,0
cs2533175,1,1
cs2543571,1,1
cs2579151,0,0
cs2617994,1,0
cs2618002,1,1
cs2629364,0,0
cs2657400,1,1
cs2773104,0,0
cs2856894,1,1
cs2996286,1,0
cs3033031,1,1
cs3140381,0,0
cs3502933,1,1
cs3540950,1,1
cvas0116,1,1
d1676778,1,0
daniel_redon,0,1
david_0822,1,1
deathmaster51,1,1
deb_gd,1,1
dhtjd07,1,1
dianmine,1,1
doughf,0,0
dovana2018,1,1
dragoreturns,1,1
dresdres,1,1
e36362,1,1
estergarcia0,1,0
ewalkowiak2020,1,1
f_jenna7,1,1
farias0006,1,1
fatimahsyifa14,1,1
finatere,1,1
fortniter13270,1,0
gaelgarcia2024,1,1
genpachi-kodo019,0,1
goolap,1,0
greatcastle,1,1
greatpenguin11,1,1
green677,1,1
hajiyun0406,1,1
harrypotter_21,1,1
hcc825922,0,1
hcc840448,0,1
hcps-ferrelltp,1,1
heyitsz_me,1,1
hot_diggity_dog119,1,1
ilikeanimals226,0,0
iraqste,1,1
jahardin2007,1,1
jamhouse,1,1
jbernaus12,1,1
jjmouriz,1,1
joanbanlles,1,1
joseleg008,1,1
kiml1020,1,1
kortiz0084,1,1
lbms31910,1,1
lbms71910,1,0
lcgamer411,0,1
letramentoquartoanob,0,0
levidor,1,1
liltka,1,1
lime_Yui,1,1
lishatek,0,0
lucasfds,1,1
matvey338,1,1
mb4597,1,1
mcompan05,1,1
mermaid20713,1,1
mhc2003,1,1
michaelat23,1,1
monkey165,0,0
moon_127,1,1
mostsettled,1,1
mperezv12019,0,0
muhammedcanbasbu,1,0
mvenegas32,1,1
mvogts_elephant_14,1,1
ndmel3,1,1
nerdysprinkles,1,1
nikoba,1,1
ninjadavidSo,1,0
official-mariogamers,0,0
olafkitty,0,0
panda4369,1,1
paperbagcat1,0,0
paradot_fan,1,0
peenut581,1,0
philipi002,1,1
polarbearlover1029,1,1
princessglitterpuppy,0,1
programmerpaige,1,1
purpledonut123,0,0
quinngeog,1,1
r125456,1,1
randomhuman3,1,0
raphaelmirandabjc,1,1
rturner18,1,1
rust01,1,1
ruthpavon,1,1
s185a2022,1,1
s323419,1,1
s643159,1,1
sanic67656456,0,0
santhemaster,1,1
saveseaotters,1,0
scarybois12341234,1,1
scratchcartooner,1,1
scratchislandhosth,0,0
skelatonmaxterplayz,0,0
sofijazec,1,0
some_random_madison,1,1
spacepotato246,1,1
st384222_,1,1
stqrs,1,1
supernumbers,0,0
surucu23,0,1
tacocatpro,1,0
tain0209,1,1
tayveon2019,1,1
the_non_binary_table,1,1
thesaltofhyrule,0,1
tolinb73,1,1
unbeatabletest,0,0
vSauceEM,1,1
veronicaborba28,1,1
vincentcss,1,1
vlomarcanllobet,1,0
waohz,1,1
wobblyfairy727,0,1
wolfieanimations12,1,0
wolfy_6,0,0
woubeshet17,1,1
xXDinoSoarXx,0,0
ynara12345,1,1
zakivaps315,0,1
----PHHedgehog----,0,0
-BerriiMochii,0,0
-CakeGirl-,0,0
-HeyStormie-,0,0
-Littleclaw-,1,1
-Magpie_,1,1
-Oceana_Blue-,0,0
-OreoCat-,1,1
-RogerThat-,1,1
-_Shine_-,1,1
1301247511,1,1
138_3d_1,0,0
138_3d_10,0,1
138_3v_24,1,1
18b3_emily,0,0
18b3_lenny,0,0
20012014,1,1
26jaguado,1,1
28mcmullinm,1,0
399josephba,1,1
3b0013,1,1
4157613130,1,0
5-B559,1,1
5-FazCoins,1,1
6610016759,1,1
706768,1,1
80399794wb,1,1
AANM2019ehs,1,1
ADCrouch,0,1
ADesai_2,1,1
AHeilmann23,1,1
ALMaye04,0,0
AarohiG,1,1
AbaDapa,0,0
Acontreras7,1,1
Adam8674,0,0
Ainmari,1,0
Andrew_Urrutia,1,1
Asterium,1,1
AwesomeTurtle20,1,1
Bedrock_Block,1,1
Ben2sap,1,1
Benjis_Burgers,1,1
Bnha12,0,0
Bonnie310,1,1
BuraKKinq,1,1
CG_2028,1,1
COOKIEDOUGHDINO,0,1
CReynaldoVGD,1,1
CandiWolfy,1,0
Carrotts05,1,1
Chloe_pumpkin,1,1
Chris136_,1,1
Cib05,1,1
Cjam80807,1,1
CodeBrick26,1,1
CoolKari,1,1
D-kitty,1,1
D1722233,0,0
DADER56,0,0
DFIG,1,1
DHACC,1,1
DMFCS19,1,1
DWB2019EAC,1,1
D_Harris7,1,1
Danzar233,1,1
Darkex_Swag83,1,1
Delaisa001,0,0
DinoLikeFootbal_2-0,1,1
EBiskin2007,0,0
Egor_,1,1
FishNChipps,1,1
Fortnite-Hopper,1,1
Freddy9207,1,0
GCA_IO_2025,1,1
GWaddell19,1,1
GlitterBombX,0,0
GoopdogJermy,1,0
HamptonInn,1,1
Hamzah003,1,1
HdRaCabezaCondo,1,1
HeIIo_HeIIo,0,1
HelloScratch2345,1,1
HenryKsb2,0,0
HrisiP,0,0
HuggableEthan,1,1
IMBOBYO773,1,1
IPressedAButton,1,1
IS44CM,1,1
ITSJUSTMEJIMMY,1,1
Ilikesquishies,1,1
Im320,0,1
JJWorld12,1,1
JM730244,0,1
JZtop,1,0
Jack17C,0,1
Jatawah,1,1
Javi_marcus,1,1
Jfaraci1,1,1
Jiffpom4eva,0,0
Josephine-o,1,1
Judgement_Noah,1,0
JulianDPA,1,1
KKiimmy,0,0
KM200737,1,1
KZFCS19,1,1
KateKrazyLuka,0,0
KimonoFox,1,1
KittitheScratcher,1,1
Kittykatgirl19,0,1
KocurekFreeman8,1,1
LarrsonVorobeva,0,0
Lavacannon88525,1,1
LenaTheScratchFan,0,0
Lil_Bean745,1,1
Lolbit_PleaseStandBy,1,1
LpsWarriorWolf,0,0
Lsant0764,1,1
LunaGachaEsther,0,0
MB-ELIF,1,1
Mac_n_blocks,1,1
Malleomalleo89999,0,0
Marie0223,1,1
MarioLuigiSonicFan,1,1
Mateo3336,1,0
MatthewPSB2,0,0
MaxEid25,0,1
Meamreal,0,1
Meitue,1,1
Memergirl12,0,0
Mmoreno7,1,1
MohammadUddin,0,0
Moth_Pool416,0,0
Mr_NootyNoot,1,1
Mssamra,1,1
Necrodues191,1,1
Nicholas_Ramirez,1,1
Ninipoke,1,1
Noah-Gallegos,1,1
OnionCatDoodles,1,1
Pietje500,0,1
PokiWeasel,0,0
ProKittyMeowMeow,1,1
PumpkinSpiceyLatte,0,1
Remix209,0,0
RogueMusse,1,1
RosaHernandezDarEven,1,1
RubberCatBoy360,1,1
RyanAndStuff,0,1
SZ038245,1,1
Shasta05,0,0
ShirohigueEXT,0,0
ShowbizNine6226,1,1
Shy_Pj,1,1
Sillygamer71,1,1
Silver_Stream_469,0,1
SkylarHudson,1,1
SophiaC11732,0,1
SuperGlitchGamer,1,1
THjoaquin,1,1
TY20XX,0,0
T_Kolesov,1,1
TheCombinedAccount,0,1
The_Derp_Cat,1,1
The_kid_on_scratch,0,0
TonyFox-,0,0
Tpiefer19,1,1
Turtleking2019,1,0
UndertaleLover009,0,0
Veericks,1,1
Vincent603,1,1
WONDERLAND____TOXIC,1,1
WWBen,1,0
WolfieOwU1,0,0
Wyatt_Johnson,1,1
Xx-Temmie-xX,1,0
XxPenywaysxX,1,1
YummyDonuts6908,1,1
_-Anti_Glitch_Sans-_,0,0
_Pastel01,1,1
a36192,1,1
aaad12,1,1
achuffk21,1,1
adorax36,1,1
adriansalasbello,1,1
alexAH22,1,1
alfarizi,1,1
alsrud6607,1,1
annhi2010,1,1
armourgrade3,1,0
asdfghjkl16234255,0,1
bannanajim709,1,1
beansmemes,1,0
ben_playzscratch772,1,1
bennybean07,1,1
betholgc745,1,1
bigcheddar42,1,1
blazquezrocio,1,1
bogo0102,1,1
brax55467,0,0
bricoblue,1,1
bricored,1,1
busch1957,1,1
c1693342,1,1
camsle,1,1
cg27check,0,1
chahyeon,1,1
chloemj9,1,1
chubbypuggy,1,1
chuck-g,1,1
codingpenguin123,0,1
coltdoughnutdog6,1,0
cookiedoe24,0,1
cookiemonster2y,1,1
cruz-raf000,1,1
cs2304308,0,0
cs2330968,1,1
cs2337087,0,1
cs2355228,1,1
cs2358126,1,1
cs2358417,0,0
cs2358431,0,1
cs2362312,1,1
cs2363135,1,1
cs2366948,1,1
cs2367218,1,1
cs2371107,1,1
cs2371331,0,1
cs2371945,1,1
cs2372196,1,1
cs2374238,1,1
cs2374381,0,1
cs2385125,1,0
cs2388019,1,0
cs2391241,1,1
cs2391756,1,1
cs2391771,1,1
cs2394674,1,1
cs2402849,1,1
cs2410743,0,0
cs2418515,0,0
cs2423083,1,1
cs2424633,0,1
cs2427913,1,1
cs2427915,1,1
cs2429092,1,0
cs2436095,1,0
cs2436238,1,0
cs2437833,1,1
cs2445584,1,1
cs2445646,1,0
cs2445691,0,0
cs2446854,1,0
cs2466333,1,1
cs2466576,1,1
cs2467537,1,0
cs2467546,1,1
cs2485146,1,1
cs2494667,0,0
cs2500760,1,1
cs2509680,1,1
cs2513515,1,1
cs2521801,1,1
cs2531603,1,1
cs2553842,1,1
cs2578776,1,1
cs3076521,1,1
cs3314557,1,1
cs3325341,1,1
csegura0013,1,1
cuccinello_mia,1,1
cwkdavid,1,1
cwkkellan25512,1,1
cwkmatthew28460,1,1
d1715249,1,0
dasgar72,1,1
doratheexplorer987,1,1
drugiMMB,0,1
edeweese5w,1,1
egal4,1,1
ei_g09,1,0
emilygalvan06,1,1
ensaladillarusa,1,1
equipoamigo11,0,1
etmonster31,1,1
fastcar1000,0,0
get_it_prince_xD,0,0
ghostseeeker2017,1,1
gian12345678,0,0
giant-squid_2241,0,0
gladkid400,1,1
goopta_michael_N,0,0
hasmb5,0,0
hawkstar64,1,1
henry_mrw19Q1,1,1
henrys2023,1,1
icNoahAb,1,1
iceytheicewolf2,0,1
isaacam40,0,0
ismaelj1680,1,1
jacbar18,0,1
jackluigi,1,1
jayton618,1,1
jbdey,1,1
jsabfan10,0,0
kea2019,1,1
kitty_chesh,0,0
kumo_chan,0,0
kutter2,1,1
kylalp29,1,1
lauramachi,1,1
lbms7905,1,1
lgonzalez2019,1,1
lllliiiioooozzzz,0,1
locatopduck,1,1
logankay,1,1
losa0433,1,1
madhamp,1,1
maeae23,0,1
mattbush,0,0
mduggggg,1,0
meme-master_1x1x1,0,1
michael9089,1,1
miistrosity,1,1
miltonps307,0,0
mineroak9,1,1
mposadag2019,0,0
mstiuso,1,1
musictheorybits,0,1
nadazec,0,1
ncesdigital38,0,0
nerdraerae,0,1
ngomez0070,1,1
nice445,0,1
nickjr135,1,1
niegocrazyy,1,1
nikitaangrybirds3,1,0
ninjae-oyelude,1,1
nyanmandoge,1,0
ohinson13,1,1
oofman24ot,0,1
outsidequest,1,0
owueasd,1,1
oyunpro415,1,1
paren2417,1,1
poisonedlover,0,0
pooemoji3692,0,0
pulsarst-l,1,0
purplemoon99,1,1
realmemj,1,1
rkgus7737,1,1
rozlar2018,1,1
s118386,1,1
s185a2030,1,1
s201600070,1,1
saikumarsk,1,1
sanandha09,0,0
savage424532,0,0
selenabernal,1,1
sfa19,1,1
sierra-the-weirdo,0,0
slatev,1,1
sls18191a26,1,0
sparkleunicorn1983,1,1
star_struck16,1,0
stastacyy,1,1
subtopewds400,1,1
superkiki1008,0,0
superking2008,0,0
sylvia1017,1,1
tigeraeva,1,1
tpaintschoettmer,1,1
tractor066,0,1
trippbyrd937,1,0
unicorno09,1,1
uniprincess2,0,0
vicki33k,0,0
vicky3604,1,1
warriorcat_fan123,0,0
werric,0,0
xxSWEETxxMINTxx,1,1
--ImHumanToo--,0,0
-AestheticNinjago-,0,0
-Kattilem-,1,1
-raccoons-,1,0
015Emmanuel,0,0
0scar0729,1,1
18b3_christopher,0,0
18b3_daijanae,0,0
18b3_deena,0,0
18smartlink99,1,1
19a3_emiliaa,0,0
1cawoohoo,0,0
1sasitharanc,1,1
20CLXY,0,1
217170036,1,1
247KEF0,1,1
247MJW,1,1
27odonnelld,0,1
27pdai,1,1
28etmay01,0,0
28haasa,1,1
28sandellk,1,1
2Lindsey19,1,1
2josh19,1,1
362maratbelarusian,1,1
8011298,1,1
A983sWorldUltimate,1,0
ALQG,0,1
AZTroisieme,0,0
AnElGl,1,1
Andgomis,1,1
AnimanieHowlKitten,0,0
AnnSSB2,0,0
AnnabellaSmiley2027,1,1
Anya_Zlodeeva,1,1
Apples234,1,1
AydGar72,1,1
BLOB_25,1,1
BMFCS19,1,1
BRIDGET_THE_CODER,1,0
Ballerin07,0,1
Bunnycorn32,1,1
CP833277,1,1
CSnow2019,1,1
Capolot,1,1
Cattima,1,1
Caymoo18,0,1
ChelseaThe3rd,0,0
CocoaSans365,0,0
ConWood2018,1,1
ConorThompson,1,1
Cool_Girl_4eva,0,1
Cowboysbiggestfan,1,1
Cruzster,1,1
DHOParker,1,0
Daiveon123,0,0
DeAnthonyDPA,1,1
Dianine,1,1
DillonDSV2,1,1
Drayton_Tucker24,1,0
EGES4321,1,1
EHTERNET-Plus,1,1
ESFCS19,1,1
EStrachan1,1,0
EV908166,1,0
Eastcoast6,1,1
EconDestroyer,1,1
EmeraldWeather,1,1
FGH142,1,1
FgRuben,0,1
Firebiccie,1,1
Fisheater9,1,1
GAdoge,1,1
GP2910,0,1
GameBoyDM05,1,1
GawronOnTop1,1,1
Grizzly541,1,1
GymnasticsWOW,1,1
HBgoingYEE,1,1
Hailey_ScratchClass,1,1
Harvseu_v2,1,1
HeftyHill,1,1
HenrySchwarz,0,1
Hexaverse,0,1
HockeyCat64,1,0
Honey_Love4804,0,1
Hurono-Co,1,1
ILikeFood28,1,1
I_am_a_crumpet,0,0
Illuminati_Nacho,1,1
Invader_MIZ,0,0
JAXONB2020,1,1
JEFCS19,1,1
JU158104,1,1
Jackal_Animates,0,0
Jam2018b,1,1
Jaxk_,0,1
Jezziex,1,1
Jmurphy211,1,1
Johny_Johny_abc,1,1
JonasMJPS430,1,1
JordanHSB2,0,0
Juanki65,1,1
Julia-1,1,1
Kali250,1,1
Katie_dogcat16,1,1
KittyCatMcKenzie,0,1
Kiwi_A,1,1
KocurekFreeman10,1,1
Ksingh609,1,1
LaVacaVoladora03,1,0
Lancer632,0,0
Lfs1175,1,1
Lgamer98,1,1
LoveJesus227,1,1
Lukrom,1,0
MaddieManges,0,0
Mahnameisjeff100,0,0
Majestical_Llama,1,0
Mb0487,1,1
MediaSaiger06,1,1
MelloTheMarsh,0,0
MiKE_HaWk71-2,1,1
Michael_Gamers,1,1
MoonTheMindreader,1,0
Moonlight_Warrior,0,0
MrSteamedHams,1,1
NaniKitty,0,0
NelaAracil,1,1
Nose2018,1,0
NsiahJ,1,1
OlinSPF,1,1
Oooot5,1,1
Orginoftheflyingpigs,1,1
OwOmasonsapir,1,0
Pandas095,1,0
PupWoof727,1,1
Purl_Boy58,1,1
RAVE1112,1,1
RhiPie,1,1
Richard2350,1,1
Rivertail415,0,0
RoderickLottJr,0,1
Room17craw,0,0
RukiFox,1,1
Ryi_The_Fox,0,1
SarMar2018,1,1
ScarlettheSkywing,1,1
Silverberry123,0,0
Silverflower1,0,0
SkyBlueQuartz,1,1
SkyyDPA,1,1
Sparisi21,0,0
SrDerpAlot,0,0
Swallows651,1,0
TIXfan22,1,1
TengisGanzorig,1,1
Thardys,0,0
TheCoolGuyXam,0,0
TheNuclearYT,1,0
TinyTerror54577,0,0
Tinytimrobot,1,1
Tomilol89,1,1
Tony_Baldacci,1,1
ToyStoryAndy,1,1
Undertale_Sanss,1,0
VexEarth,1,1
WYS16001,1,1
WaterComesBack,0,0
WolfFang2003001,0,1
Wyliecoyote711,0,1
XN502,1,1
Yannakins123,1,1
_-FredBear-_,0,0
_Meem_,0,1
_akicka_,0,1
abilamm,0,1
acnaiby,0,0
adriana_stlluis,1,1
aeren41,0,1
aliciarico00,1,1
amalebeau2010,1,1
andi_kallaba,1,1
anhngoc2204,1,1
aquafox398,0,1
arnav-goyal,1,1
ateter819,1,1
audrox08,1,0
awilli19077,1,1
aztec1921,1,1
ballora1-8,0,1
baughste000,0,0
beezaa,1,1
blaze_185103,1,1
bluexeclipse,1,1
boblama,1,1
buggy44556,1,1
butbut123433,0,0
bystrinka,1,1
c1675813,1,0
c35862,1,1
cairns43261,1,1
canofscratch2,0,0
carlos-herrero,1,1
carolinaAyres,0,1
carolinespf,1,1
cassch19,1,1
chloh04,1,1
collincoder987,1,1
coolwolf08,0,0
crazy632grape,1,0
crew-haxta,0,0
crm2019,1,1
cs1670393,1,1
cs2347160,1,1
cs2352139,0,1
cs2354673,1,1
cs2360142,1,1
cs2360200,0,0
cs2360208,1,0
cs2360226,0,0
cs2367681,1,1
cs2371260,1,0
cs2373899,1,1
cs2374312,1,0
cs2374405,0,1
cs2374473,0,0
cs2379352,1,0
cs2390670,1,0
cs2391251,1,1
cs2391258,0,1
cs2391761,1,1
cs2394639,1,1
cs2395824,1,1
cs2395831,1,1
cs2399843,1,1
cs2404408,1,1
cs2404990,1,1
cs2413407,1,1
cs2426124,1,1
cs2429210,0,0
cs2444313,1,1
cs2444371,0,0
cs2446829,1,1
cs2446855,1,1
cs2448214,1,0
cs2450949,1,1
cs2451308,1,1
cs2462093,1,0
cs2463435,1,1
cs2466069,1,0
cs2524428,1,0
cs2531565,1,1
cs2539585,1,1
cs2544034,1,1
cs2548804,1,1
cs2621511,1,1
cs3642535,1,0
cs3682254,1,1
cs459893,0,0
cupleg,0,0
cwkpeyton30595,1,1
cyniaa,1,1
d_octorwho,1,0
derpyderp20220,1,1
dfghujiop,0,0
domees12,1,0
drs2019ehs,1,1
dv_g09,0,1
edgarbischoff07,0,0
equipoamigo2,1,1
ernestoceu,1,1
esmeleadsom09,0,1
farmerbobbio,1,1
fglroom23,1,1
frodriguez19,1,1
gans328,1,1
ghelilasdino,1,1
gina9215,1,0
glo_dm,1,1
hadrei18,1,1
hbu03-13,1,1
hbu03-24,1,1
hcc836210,1,1
heheheh1321,1,0
hernandezsarah,0,0
hiveosc,1,1
hoy_people,1,1
hw69,1,1
ianmccul2019,1,1
ignitedfreddy4,0,1
itsfoxyjk,0,0
j_minecraft,1,1
jake595,1,1
javohask18,1,1
jcooperhfseagles,1,1
jgrande0011,1,1
joaOli6,1,1
kattygammer,1,1
kawhileonard09,1,1
keiththepaedent,0,0
kkseniaz,1,1
kursee18,1,1
lenogales,1,1
leonardo51,1,1
licker101,1,1
lilkronic,1,1
lincolnnorman,0,0
linosb18,1,1
listerine1011,1,1
loklak,1,1
louis62280,0,0
lucalba,1,0
martinez_marta,0,1
maximillion09090,0,1
maxturer,1,1
mdiaz1300,0,0
michael659,1,1
moonwolf2,1,1
mootocute,1,1
ms_lebeau,1,1
nacheton,1,1
nerearamon19,0,1
ninjabyang,1,1
nsantillan,0,1
nynkat2011,1,1
oldmaid,1,1
ortt250,0,0
pabloruiz124578,1,1
parkdongmom1,0,0
paulavaleraa_,1,1
phoneguy_1987,1,1
pnj10005,1,0
polis19,0,0
poltansto,1,1
posje,0,1
rocfp,1,1
s126279,1,1
s139765,1,1
s229729,0,0
s643190,1,1
sampejor000,0,0
samudn10,1,1
samuelbayarri22,1,1
sbelmont,0,0
secretive_fox,0,0
seminfo2018,1,1
sezoooozz98,0,0
sg210369,1,1
shaun45,1,1
shopkinsapp,0,0
sixteymanboy,1,1
slothlover27,1,0
sofiko_nis,1,1
spebai18,1,1
sqidney26,1,1
switchlover5,0,1
tecno84,1,1
tescou18,1,1
thecomputerv3,1,1
thegameking1116,0,1
tndus6280,0,0
tnrud1130,1,1
totoro-child,0,1
uincorn17,0,1
ultraeevee123,1,1
usernamekitty,1,1
v1ctor_mur1llo,0,1
vita235,1,1
white_face_,0,0
whosjmzzz,1,1
wmsALI048,0,1
woopass,0,0
wooshie1,1,1
xEpxicewarriorx,1,1
xXDRITTENXx,1,1
xXseroloXx,1,1
ykonsta15,1,1
young1211,1,1
yourboy2289,0,0
zhongzhengpin,1,1
-_Ink-Sans_-,1,1
-numb-,1,1
-toxicaa-,0,0
10191370,0,0
14_B,1,1
183b48,0,0
18b3_eva,0,0
18b3_kayla,0,0
19siam,0,1
1roserose,1,1
20013889,0,1
20015167,1,1
2021speterson,1,1
204e,1,1
247MAJ,1,1
247TKT,1,1
247drn,1,1
28bullj,0,1
28hilld,1,1
2bekah19,1,1
305431,1,1
399camerons,1,1
399quintone,1,1
7siblings,1,1
80399798MF,1,0
8665773,1,1
88127133,1,1
88128745am,1,1
93jibakoma,0,0
AEazzy,1,1
AI1234567890,1,1
AICECREAMMAN,1,1
ASpenMeredith,1,1
Adamisthebomb,0,1
Aidenhcc1,0,0
Alan_MJ,1,1
Alonsofx,1,1
Alvaro280504,1,1
Americaball_YT,1,1
Angelrose05,0,1
Angrybirds2019,1,1
B73641896,1,1
Bfdifan43,0,1
BossMane_Trell2x,1,1
Brady17170,1,1
Bradycampbell14610,1,1
BriannaBSB2,0,0
CMergaerts,1,1
CWrox,1,1
Cappuccini,1,1
Chebbycraft34,1,1
Chico-and-rainbow,1,1
CoolChicken666,1,1
Crazzzyman,0,0
CrushCoder,1,1
Cryogenal,1,1
Crystal3Q19_denman,0,0
Cutie_Coder11,0,1
D1694631,1,0
D6TL,1,1
DannyFSB2,0,1
Darkvaporeon231,0,0
DatFlippinCoder,1,1
DeanIsUnderrated,1,1
DespacitoSpiderVEVO,1,1
Devil_666_Demon,0,0
DriftAIM,1,1
DropBass,0,0
ESCOLAGRUP1A,0,0
Ellatch,1,1
EmoXQueenXBandoms,0,0
Exitmap2,1,1
FaZeAdapt10123,0,0
Fire_Victor,1,1
GB3535ReuploadsRises,1,1
Gabriela-Carrillo,1,1
GahooleOwl123,1,1
Gogobartlol,0,1
Guilliams9,0,0
HATAKEKAKASHICHIDORI,0,1
HaiTechTeacher,1,1
HirochiCarSales,0,1
Hugo_ANs,1,1
JAMdude10,0,1
JP421824,1,1
JR287076,0,1
JacksonBcms1,1,1
Jacob_Obtained,0,0
JaeFlo2,1,1
JaviASecas,1,1
Jeffrey_Kuo,1,1
Jordan-brunner123,1,1
JuiceGuyPoodle,1,1
Justmyluck23,1,1
KM3vhris,0,1
KamoJ,1,0
Kandilandcrisis,1,1
KatyKat50,1,0
Keemou18,1,1
KeenSophia19,1,1
Kezlik,1,1
KociD,1,1
KumaLee,1,1
LD480501,0,1
Leannatheartist,1,1
LilPupperTheDoggo,1,1
Lil_Bee_Catzo,1,0
LilyLovesBluestar,0,0
Lollylau,1,1
LuigiFan64_YT,0,0
Luke2036,1,1
MADU12,1,1
MCPEPlayerOG,1,1
MIlen125,0,1
Magikarpisaboss,0,1
ManioElf,1,0
MayaRen,1,1
MrMatrixX_YT,1,1
MushMan10,1,1
MyAccountTest,1,1
NJ221852,1,1
NS9747675,1,1
NadiaPHHAmzil,1,1
NatashaB96,1,1
NewtScamanderHP4Life,1,1
NoahBlueo5,0,0
OMGwafflecat,0,1
Panmaciek1,1,1
Pervysage123,0,1
PhoenixOMG,0,0
PokemonMaster408,1,1
Poseidon30009,0,0
RALI4,1,1
RBR2019EHS,1,1
Racoonbun,0,1
Rainbowkid35,1,1
Randomnickname12345,1,1
RoofyDog08,1,1
RugratE,0,1
SG50650,1,1
SHNASHQ,0,1
SalvaPro9d,0,0
Saxmap16,1,0
Saxmap24,1,1
Searsha,0,1
Shadow_Heart1,0,0
ShawnGordon,1,1
ShinyManga,1,1
ShyArt,1,1
Sil2018b,1,1
SilverManiaZP,1,1
Slayallday_1234510,1,1
Softball0525,1,1
Soonah24,0,0
StormyFall_,1,1
TALENTED_GAMER1000,1,1
TNMBalyssa,1,1
TPit2019,1,1
ThatOnePickle908,1,1
TheBatimDude,0,0
TheSquire-,0,1
The_Sleepiqq_Kiinqq,1,0
ThisOneNugget,1,1
TobyDogO,1,0
TrentMsb2,0,0
TurboUniverse,1,1
Ulsanfirefox,0,1
UltroGmr,1,0
WaitangiMuseum,1,1
WitherDude1,1,1
Wolfy_isCute,0,0
WorstHM,1,1
X_Misty,1,1
XxSKYxFALLxX,1,1
ZT193945,0,1
_Keth_Da_Android_,0,0
_Matt_R_,1,1
aesthetic_piglet,0,0
alswldua,1,1
amiller4346,1,1
amyhite8,1,1
arna0101,1,1
arteagaizadi,1,1
bakuganrules,0,0
benjamina123456789,1,1
bgalligan,1,1
bhaktasiya,1,1
bobadeeboo,1,1
boogiemomma3,1,1
brianna2Q19_denman,0,1
bricogreen,1,1
c_b_m_4,1,1
cagoru,1,1
caioBarros4,0,1
car_driver45_becool,1,1
cbfox,0,1
creative_unicorn0709,0,1
cs2231741,0,0
cs2321739,0,0
cs2348412,1,1
cs2358491,0,0
cs2358652,1,1
cs2359740,0,0
cs2360235,1,1
cs2368281,1,1
cs2377329,1,1
cs2385120,1,1
cs2387955,1,0
cs2388661,1,0
cs2391238,1,1
cs2391254,1,1
cs2391262,1,1
cs2391263,1,1
cs2391769,1,1
cs2394641,1,1
cs2394648,1,1
cs2394665,1,1
cs2395818,1,1
cs2395821,1,1
cs2404084,1,1
cs2407731,1,1
cs2423108,1,1
cs2427713,1,1
cs2429215,1,1
cs2434323,1,1
cs2445592,1,1
cs2445631,1,0
cs2449542,1,0
cs2460184,0,1
cs2462817,1,1
cs2467876,1,1
cs2475946,1,1
cs2485941,1,1
cs2494647,1,0
cs2501459,0,0
cs2516424,0,0
cs2517385,0,1
cs2527516,1,0
cs2532848,1,1
cs2621495,1,0
cs2621503,1,1
cs2621556,1,1
cs2764812,1,1
cs3043123,0,0
cs3208663,0,0
cs3210495,0,0
cs3230591,1,1
cs3260921,1,1
cs3297678,1,1
cs982552,1,1
dacostaaitor,1,1
dangerkitten922,1,1
darthvader2019,1,1
dieu70804,0,1
dinoboy299,1,1
djfoxeh,0,0
donutsaresuperawesom,1,0
douhnutdavid,1,1
edwardmusic,0,0
electricmuffin,0,1
elephant6167,0,1
eliasbr153,1,1
emmafox8,1,1
emreeren08,0,1
figure2206,1,1
fire_ollie,1,1
frandbri,1,0
frankiemaher,1,1
gapb27,1,1
gb4214,1,0
gebarmmer,1,1
gesimmons2024,1,1
giovannagelinskibj02,0,1
glitter115,0,0
glory_queenofsarcasm,0,0
graeva2018,1,1
haruhi2019,0,1
helloijiwon,1,1
helpmethis,0,0
hsmcknuckles,1,1
hudaos_,1,1
huffle_puff_fluff,0,0
ieyas,1,1
ikechukwu-ani,1,1
jackxmark4lifeyo,0,0
jaredeye,1,1
jesusmullor,1,1
jl541,1,1
jmunozc,0,0
johnjohn529,1,1
jonathanenriquez,1,1
joshua0901,1,1
kalismall,1,1
kenankalemaj,1,1
kenziekoenig,1,1
kettler4817,1,1
kiarahl,0,1
kidscom,1,1
kiki888888,1,1
kittygirl4321,1,1
kojiryou,1,1
kokichibestboi,1,1
laijitomy,1,1
lauraMelo1,0,1
lbms31930,1,1
lhuyser,1,1
liamt2807,1,1
lillyloverbugger,0,0
llPhoenixll,1,1
logaprogman,1,1
ly27cheek,1,1
madmewmewalphys,0,1
majdawad2020,1,0
mariaclarabj4,0,1
mckmah18,1,1
mewKITTYKATmew,1,0
mightymutt29,1,1
mikey_lopez,1,0
minecrafterraria,1,1
morantdavionk,1,1
mrphysh,1,1
mrzack01,1,1
msaad09,0,0
nickgould,0,0
ninjalaynem,1,1
nmills111,1,1
notkindra,1,1
nutting,0,0
objectshowmaster,1,1
olierwalker,1,1
paul_best,1,0
paulsantos85,1,1
pd5ws17mo,1,1
pd5ws9lf,1,1
pedrochiarellibj630,1,1
pegasus45,1,1
pilotrome,1,1
platinumtiger5457,1,1
polishpierogi,0,1
pusheenchicken102,0,0
rikpop20,0,0
rociosala24,0,1
safia5,1,0
salaria1,1,1
sarah20063,1,1
scratchbossen,1,1
shadowflame556,0,1
shamu_8,1,1
sister_spongebob,1,1
sls18191a07,1,1
sls18191b31,1,1
snapecoderbff,1,1
soccersarah1212,1,1
sonic200819,0,1
sory_104,0,0
soulknight2009,1,1
stmelisai,1,1
superspeed321,1,1
superspiderman100,1,1
taeamo,0,0
tanguylist,1,1
tellerialur,1,1
tereeee,1,1
thebonfan,0,1
thesecondwindwaker20,0,0
thomaseatcookie,1,1
tiger6167,1,1
titus2018b,1,1
trentj24,1,1
turboturt1e,1,1
volperossa9,1,1
vwbooks15,0,0
watermelonberry,0,0
whiskercat52,1,1
wolfythewolfgirl,1,0
wolfyyy-_-,0,0
yee4034,1,1
yenka,0,1
ystu00,0,1
zackvstar,1,1
zynp130,0,0
-JohnTheSimpluman-,1,0
06nkoltsov,1,1
12701289,0,0
18b3_azra,0,0
18b3_natan,0,0
18b3_thiarlie,0,0
1eso1c4,1,1
20012071,1,1
20221401,1,0
22tomlh,1,1
247JJJ,1,1
247KMP,1,1
247TLG,1,1
2saxon19,1,0
2valaree19,1,1
3015015,1,1
399briannah,1,1
3pbob13,1,1
430294,1,1
5-A319,1,1
5d-marde,1,1
602231,0,1
8014083cc,1,1
88127170jh,1,0
ACPLAZMA,0,1
AFB2019ehs,1,1
AHMAT-B5,0,0
Abdullaah_5CC,1,1
AddisonSPF,1,1
Aiden2882,1,1
Alexbrine12345,1,1
Angle-on-a-mellow,0,0
AnimeKnight2,0,0
AnimeLoverOwO,0,0
Ash738,1,1
BattleBird527,1,1
Bdon19,0,1
BigB2Play,0,0
BlockForces,0,1
BlueRazzbery,1,0
BoomStudiosBoom,1,1
Boppy16,1,1
BradyQSB2,0,0
Brambleyeet,0,0
BroYota94,1,1
Brypn,1,1
CK921613,1,1
Canlos,1,1
Carrillo_Bryan,1,1
Charlie_Kunz,1,1
Chimps62,1,1
ChristineAesthetic,0,1
Christine_12,1,1
CorsoScratchTrento,1,1
D0gemaster,1,1
DBZ_PROJECTS,1,1
DJdevil1,1,1
DXD_HUNTER0021,0,0
DariVB,0,1
Darkdragon957,1,1
Dayanaralimon,1,1
DefinatelyNotJevil,0,0
DimkaDimintriFeline,0,0
Dirtbikeguy,1,1
EPICblueclouds,0,0
EkstraSDKalamKudus,1,1
FiaandLottie,1,1
Fixer99,1,1
Flamingarrow72,1,1
FloatyGames22,1,1
FluffyTheDragonCat,1,1
FlurryQuackers,0,0
Foozled,0,1
Fran7224,1,1
Fronztess123,1,1
FuntimePhoenix663,0,0
GTL9,0,1
GenesisLema,1,1
Gentle_Kazoo,1,1
Goldystar,1,1
GreYWolfieStudios,0,0
H160205,1,1
Haley_Fawbush,1,1
Hockeysteve,0,0
Iammiles24,1,1
Ipreachmath,1,1
ItsKarmaBoi,0,1
J-G-A,1,1
JDudley2019,1,1
JJ435499,0,1
JMDBIGMAC,1,1
JV9806152,1,1
JasonDMSN4,1,1
Jaxson427,1,1
JoshuaDPA,1,0
Juztinmed05,1,1
KS_Virox,1,1
Katylovelol24,0,0
Kaydence3402,1,1
KevinHigareda,1,1
Kittycat9209,1,0
LG050493,1,1
LL252711,1,1
Laurampaolam,1,1
Legoatspi,1,1
LightningLandon3,0,1
Lilac2345,0,0
Lynxtherose,1,1
MAndrewHHS,1,1
MCUFan73,0,1
MichaelDPA,1,1
Modinluv,1,1
Monkey_Lolz,0,0
MsProbst,0,1
ND50,1,1
NFLisamazing,1,1
NT835789,1,1
NathalieGreen,1,1
Nicky_-,1,1
Nina0810,1,1
Nurro,1,1
OGPlatypus104,1,1
OscarRojo,1,1
Owardy,1,1
PinkiePie105,1,1
PipiRobox,0,1
ProgramPDC,1,1
Quique4980,1,1
RICHFLOWER,1,1
RagerDanger,1,1
Randiroom400,1,1
Ravenclawgirl20,1,1
RimatFudar,0,0
Roger1211,1,1
Roran0207,1,1
RoyJoseph,1,1
SB456861,1,1
SCSCoder-Shreay,1,1
SFReturns,0,0
SPDR2,1,0
SS11406,1,1
ST126122,1,1
SakuraSkyGacha,1,1
Sanstheboss_,1,0
Sashlyfangirl,0,1
ScratcherRicardo,0,1
Skittle_zZ,0,1
SkittzTFH,1,1
Slider32,0,0
Slither_ink,0,0
Socc3rdude17,1,1
Sookiyaki23,0,0
SpOoKySpRiTe,1,1
SpasD,1,1
StreamripplexShadow,0,0
TH13471,1,1
TMMRises,1,1
TecheNerd,1,1
Telianar,1,1
TempoPlayz,1,1
ThayLinh,1,1
The-Enternal,1,1
TheAwsomeBoii,1,1
TheSpoonMan55,1,1
TheSteelNinja,1,0
The_Hydrogen_Empire,1,1
Theyounggamerofdoom,1,1
Tibcsianimate,1,1
Tugce6i,1,1
VP6Bob,1,1
VortexGaming5,1,0
WarriorCatsrule15,1,1
WolfRainer,0,1
WolfieWuff,1,1
YourDailyContent,1,1
ZSha,1,1
_mdkspro_,0,1
aidaciriaco,1,1
airman31,1,1
ajuneau,1,1
akkel123,0,1
alexramsey23,1,1
anime_sprinklezz,0,1
animeiskawaii,0,0
anyang2019_1,1,1
arielcam1241,0,0
ashie_dasavagelll,0,0
augusto2019,1,1
awesomecoder2019r,1,1
az1007462,1,1
becauseme24,1,1
bernatmireia,0,1
bes2nd,0,0
bibliotecamedas,1,1
bilisimkod659,1,1
bluetyler7,1,1
brenopereira,1,1
briankrop2019,1,1
c1668549,0,0
c1680403,1,1
c1735294,1,0
c5_08,1,0
candacegy,1,1
carla_12_2006,1,1
catfud123,0,0
cg230472,1,1
colin_rhynalds12,0,1
comanderfoxx,0,1
cs2348390,1,1
cs2348396,1,1
cs2357758,1,1
cs2358474,0,0
cs2358486,0,1
cs2358520,0,1
cs2360115,1,0
cs2360210,1,0
cs2360376,1,0
cs2363913,1,1
cs2364302,1,1
cs2367717,1,1
cs2368228,0,1
cs2368430,0,0
cs2371871,1,1
cs2372203,1,1
cs2374302,1,1
cs2374492,0,0
cs2374515,0,0
cs2374639,1,0
cs2375457,0,0
cs2391244,1,1
cs2391255,0,0
cs2391264,1,1
cs2394642,1,1
cs2395816,1,0
cs2395828,1,1
cs2402088,0,1
cs2404410,1,1
cs2406751,0,1
cs2407211,0,0
cs2423082,1,1
cs2429235,1,1
cs2436241,1,1
cs2446752,1,1
cs2446818,1,0
cs2446824,0,1
cs2458578,1,1
cs2460991,1,1
cs2461647,1,1
cs2488530,0,1
cs2501345,0,1
cs2505846,1,1
cs2516577,0,1
cs2546039,1,1
cs2573330,1,1
cs2578764,1,1
cs2608223,1,1
cs2615438,0,0
cs2616996,1,0
cs2621565,1,1
cs2622592,1,0
cs2644517,1,1
cs2657449,1,1
cs3033787,1,1
cs3073941,0,1
cs3075189,1,1
cs3164473,1,1
cs3214716,1,1
cs3228699,1,1
cs3318142,0,1
dale99977,1,1
damianoc2009c,1,1
danielthegreat01k,1,1
darrencycheung,1,1
datboris,1,1
davisito2001,1,1
djimenezm2019,1,1
draguta909,1,1
drugiFM,0,1
ellieesb2,0,0
eponine_24601,0,0
errorfoxx,0,0
esteban10123,1,1
firtreejs,1,1
fnaflover20011,0,1
gabriellaxenny,1,1
garyadenb,0,0
gembree6,1,1
gosha38273,1,1
gteter7071,1,1
hamukunn,0,0
hcc840330,0,1
hcc840516,1,1
hurihura,1,1
huy_apple,0,1
ica2019ehs,1,1
ilovecats222222,1,1
imacoolguy286,1,1
jacketslut32213,1,1
jasmith22,1,1
jd451202,0,0
jeoforkansi,1,1
jiwbek,1,1
jordancooper1234,0,0
joseAlbuquerque10,0,1
josephbrowny830,0,1
jpahl,1,0
jumjyjoo2,1,1
jwha0822,0,0
kandyceebcms,1,1
kano0329,1,1
kaytrix,0,0
kberganza0002,1,1
kirbystarlord32,1,1
kittyfurz,1,1
knaroz2018,0,0
kokoAng,0,1
krutxagaeunate,1,1
laclassedimatti,0,1
landaffblueschool,1,1
lb2019ehs,1,1
legolas2011,1,1
lemon_lime_coconut,0,0
lilvuitton,1,1
lmontele1,1,1
lopiano123,1,0
luciacaboh,1,1
lupalacios2,1,1
manmit,1,1
mariraksa51bj,0,1
megalodontageddon,1,1
melizlde0009,1,1
metangrobo,1,1
mlpg5,1,1
mmys,0,0
munoze22,1,1
mushroom-17,1,1
mustafa588,1,1
nebT,0,1
nikmerkz,1,1
nortonc01,1,1
nwh28,1,1
ohnoob,1,1
omar_wael_8A,1,1
pablo5d08,1,1
pauper13,1,1
peachymegido,0,1
pedro98765,1,1
perricornio23,1,1
puckthepanda,0,1
rahul_tulasi,1,1
respectforluigi,1,1
ryanmcanada,1,1
s185e2136,1,1
sadtho18,1,1
saki646,1,1
sare03217,0,1
scratch--io,0,0
scratchlord2933,0,0
shightseemed,1,1
smallbean_07,1,1
snivy_cute,0,1
stan4000,1,1
super-novaa,1,1
thriftlolo,1,1
tiagoMolina,0,1
toddanime3,1,1
ttvtryhard8924,1,1
ugamugga,1,1
unicornpenguin22,0,0
vickys16,1,1
vincent-ronhovde,1,1
wendy-garayperez,1,1
wigglecman566,0,1
wispyrose99,0,0
wldks3808,1,0
wolfbreaththeloyal,1,0
wonderousWarlock,1,1
yeetdabtwist,0,0
yureet,1,1
yusufberenavsar,1,0
zach-08,1,1
-Aries,1,0
-SkaiBlue-,0,0
007Ram,1,1
023b48,0,1
0289J,1,1
04luciiaa,1,1
09probro9,1,1
18b3_gisele,0,0
18b3_james,0,0
18b3_terrence,0,0
2000054973,1,1
20192023f-pe2019,0,0
22lgm,1,1
22rothh,1,1
28oconnorc,1,1
2lauren19,1,1
3008116,1,1
40007347,0,0
406646NS,1,1
565420,1,1
613363,1,1
643046,1,1
775425,1,1
8011353,1,1
879511,0,0
ACM2019ehs,1,1
ALI-A_XD,1,1
ARI3S,1,1
ASAPfurry,1,1
AT301,1,0
AVENblink,1,1
Archibald_Claus,0,1
Areyes42,1,1
Ava2348,0,0
BenEsT2018,1,1
Bernardooo,1,1
Binita229300,1,1
Blank-Cantu,1,1
BobFifty,1,1
CGI10,0,1
CND_ParkerS,1,1
CSteacher19,1,1
Carlin12357,0,0
Cat_lover1007,1,1
ConnorOBrien2027,1,1
CozyCritter,1,1
Cupper04,1,1
D4FD19,0,1
DANIEL282008,1,1
DENIZEGE1450,1,1
DJ_GirlWoo,1,0
DKV3coding,1,1
DQ48355,0,0
DSidorova,0,1
Dawn1128,1,1
Dr_McNinja,1,1
DrakeMaxEVEN,0,1
EmericS,1,1
Error-SansxInk-sans,0,0
FishyToons2,1,1
FrostedMoon0517,1,1
FunnyOne667,1,1
Fuzzykitten29,0,1
GLiTcH-404,0,0
GalaxyKitten340,1,1
Girlham64,1,1
GradyHarms,1,1
Griffinclaw_is_me,0,1
HALOCHIEF13,1,1
HackerOW,0,1
HayWya18,1,1
Htass,0,0
IITissues,0,0
Inklax,1,1
Ionefeeerrerrr,1,1
JM242119,1,1
JTWT1,1,1
Just-sometrash,1,1
Just_Ayano07,0,0
KhalilahJ,1,1
Kittycornangel,0,0
KylerKerrigan,1,1
LED45,0,0
LL297667,1,1
LOsburn,1,1
LauLea79,1,1
Lucas2817,1,1
LunaTheWorriorCat,0,0
MARI43715,1,1
MK_SheWolf12,1,1
MM49004,1,1
Mayeli_3Q1,0,0
MetaHarv206,1,1
Minceraft72,1,1
Minellen,1,1
MusicalPony,0,0
Mydoggokai,0,1
MysticGamerXD,1,1
NE8-anova01-Remix,0,0
NOTRian,1,0
Nata35,1,1
NickLee2,1,1
NotNeededOnEarth,1,1
October_Rain,0,1
OriginalLukdigel1,1,1
OwO_030,1,1
OwenGsb2,0,0
Panini-exe,1,1
PatientBlueParrot,1,1
Paws4848,1,1
PbsFan2019,0,0
PizzavsPizzaWings,0,1
PombaRacional,0,0
PrinceOfSpades,1,1
ProjectSpammer,0,1
Psychium_Z,0,1
QweenLisa,0,0
RB-Mike,1,1
RB9741799,1,1
RL961586,1,1
Razbolo,0,0
Rossiter01,0,0
Rufat_1isback,0,0
RushV1,1,1
RyasPear,1,1
SALTY_SALTY_SALT,0,1
SAdjei2019,1,1
SJDS1,0,0
SML2019ehs,1,1
SasjaPivot,1,1
Scherbakova30,1,1
SeeratDMSS1,1,1
Sergio102019,1,1
ShadeSwirl,1,1
Sheadrew,1,1
Shimmer-N-Shine,0,1
SkilaSki,1,0
Sparkle_SprinklePop,0,0
StarsDreamer,0,0
StrawberrySauce09,1,1
Student_CHS,0,0
SummerFun500,0,0
SuperMinion5,1,1
TDanimador5435,1,1
TaylorSummers2027,0,0
TeniolaDMSO2,1,1
The-One-That-Exists,1,1
TheGrefg7,1,1
TheKirbLord,1,0
TheVoid-,1,0
The_MEMES429,0,0
UkraineKingdom,1,1
Ulsanfirepunch123,1,1
UnstripedZebraAwards,1,1
VN07_,1,1
ValCer3,1,1
VanillaMallowz2,1,0
VectorWorkshop,0,1
WeslyBowie,0,0
White2019,0,1
WillRamadhani3,1,1
XxFoxySnowxX,0,0
YASS-QUEEN12345,1,1
_Black_Moon_,0,0
_LemonLime_,1,0
_ThinkCreatively_,1,1
aidankozak,0,0
airbear18,1,0
angrybirdqueen,0,0
awesomeandres,0,1
babybryan89,0,0
babycakes12345678910,1,1
beaubuffalo,1,1
bengamer1,1,1
bobcle1234,0,0
brandonawesomeness,0,0
c1705925,1,0
c36141,1,1
ccladybug,1,1
charlies-hoodie,1,0
cheeseburgergurlz101,1,1
cloudiibolt,0,0
codeninjaswb,1,1
cow12344,1,0
cpanella,1,1
cs2252118,1,1
cs2328003,1,1
cs2345495,1,1
cs2350668,1,1
cs2351879,1,1
cs2358490,0,1
cs2359336,1,1
cs2360244,1,1
cs2360316,1,1
cs2362834,1,1
cs2366953,1,1
cs2368279,1,1
cs2372105,1,1
cs2372263,1,1
cs2372710,1,1
cs2374196,0,1
cs2375384,1,1
cs2377081,1,1
cs2381262,1,1
cs2382330,1,1
cs2385424,1,1
cs2391234,1,1
cs2391248,1,1
cs2391257,1,1
cs2391259,1,1
cs2391751,1,1
cs2394645,1,1
cs2395814,1,1
cs2423090,1,1
cs2423094,1,1
cs2436505,1,1
cs2439594,1,1
cs2445693,1,0
cs2446833,1,0
cs2463500,0,0
cs2471609,1,0
cs2480035,1,1
cs2486182,0,1
cs2505834,0,1
cs2523995,1,1
cs2543549,1,1
cs2543572,1,1
cs2608154,1,1
cs2618012,1,1
cs2626370,1,1
cs2656650,0,0
cs2870966,1,1
cs3127788,1,1
cs3171946,1,1
cs3261892,1,1
cs3411920,1,1
cs3446263,0,1
cs3460695,1,1
cs3482278,1,1
cs3691836,1,1
cscastrejon,1,0
cwknadia28704,0,1
dabaoshan,1,1
daiibr11,1,1
dannnyx,1,1
dat_blond_boi,1,0
dee-art-account,1,1
destrolilly,0,1
diana20070102,0,1
dltngk17,0,0
dmgeorge,1,1
dog1234bh,1,1
doglover2844,0,0
donkeybarrybee24,1,1
drk2111,0,1
dylana4049,0,0
energizedcoder,1,1
europation123,1,1
european_bosnia,1,1
fanaysia,1,1
fanc250,0,0
fanta_itztomk,0,1
filucakgandersen,0,1
foxythedistroyer1987,1,1
gd1_5444,1,1
gi8emlc,0,0
goatgirl4,1,0
goldfidl3,1,1
gumasteruxa,1,1
haileyt_,1,1
haydef,0,0
hbu03-26,1,1
heryouthisyours,1,1
hsc434525,1,1
ianboigh8,0,1
inthepowerof_anime,0,0
isabelle442019,1,1
itsfreerealestates,1,1
itsilluminati10,0,1
jakhsewa39,1,1
janhan2018,1,1
jellybro1010,1,1
joel_stlluis,1,1
joselih2019,0,0
kasleo700837,1,1
katlyne08,1,1
kbaldwn,1,1
kim-goeun,0,0
kittenjess404,1,1
kompazr,1,1
kvelazqu0045,1,1
kyleereno,0,0
lE0brUs0blabla,1,1
laradolezal,0,1
larrabee925,1,1
lboatright,1,1
lbt2019ehs,1,1
lefty2307,1,1
lhj0227,1,1
lilliandanielle,1,1
lluisca,1,1
lucasIchikawa,1,0
madrijas000,1,0
majkaklingova,0,1
mariosmansion8,1,1
martalopezn,1,1
martinezeider,1,1
matexhi,1,1
matmendozam2019,1,1
maurog109,0,0
miafos18,1,1
mm_quogue,0,0
mmcpherson2020,1,1
moon4ever,1,1
moorerkaleilj,1,1
morgacal001,1,1
mramirez0389,1,1
mramsey12,0,0
mrbean927,1,1
myforevername,1,1
naiz5001,0,1
narwhalmeme,0,0
nazaret5231,1,1
negativeego,0,0
newmetarutamanegi,1,1
nightcorelounge,1,0
ninasuls,1,1
ninbordeaux,1,1
omegamario14,1,1
optimusneul,1,1
oscar_stlluis,0,1
owoowowoow,1,1
paliontologest12,0,1
pandacrusher,1,1
parkyj5525,1,0
passive_driftblaze,1,1
pitroig,1,1
qusdy0628,1,1
radfnafgirl,0,0
ridepaper,1,1
rige250,1,1
rosariocollados,1,1
rwawrzos757,1,1
s185a2034,1,1
s185d2109,1,0
s185d2110,1,1
s613314,1,1
s613326,1,1
s613350,1,1
s643119,1,1
sacsafe3,0,0
saray6g,1,1
scratch-robonautas,1,1
sebats_14,1,1
seha_n,0,0
sitetu_kotetu,1,1
smskrckUC,1,1
speaksy02,1,1
starlight9778,0,1
stmsolc,1,1
svergara-lanier,1,1
tabbycat000,1,1
teiluj2006,1,1
thecutechick,1,1
thelifeofdeath2,0,0
tonylepore,1,1
trec302,0,0
trickyfrosty09,0,1
tyalleng13,1,0
unestudiante12,1,0
unganda_boi,0,0
unicorn1234lover123,1,0
vaarmas05,1,1
wafflenyan_cat,1,0
what_happy,0,1
wolflover677,0,0
xASK_MAPLESHADE,1,0
yuto8888kaz,1,1
zero24Mickey,1,0
zha33560,0,1
zoomaw,0,1